,gameId,actionNumber,clock,period,teamId,teamTricode,personId,playerName,playerNameI,xLegacy,yLegacy,shotDistance,shotResult,isFieldGoal,scoreHome,scoreAway,pointsTotal,location,description,actionType,subType,videoAvailable,shotValue,actionId
0,0042400407,2,PT12M00.00S,1,0,,0,,,0,0,0,,0,0,0,0,,Start of 1st Period (8:09 PM EST),period,start,0,0,1
1,0042400407,4,PT12M00.00S,1,1610612760,OKC,1631096,Holmgren,C. Holmgren,0,0,0,,0,,,0,h,Jump Ball Holmgren vs. Turner: Tip to Haliburton,Jump Ball,,1,0,2
2,0042400407,7,PT11M44.00S,1,1610612754,IND,1629614,Nembhard,A. Nembhard,91,106,14,Made,1,0,2,2,v,Nembhard 14' Pullup Jump Shot (2 PTS),Made Shot,Pullup Jump shot,1,2,3
3,0042400407,8,PT11M29.00S,1,1610612760,OKC,1631114,Williams,J. Williams,-96,22,10,Missed,1,,,0,h,MISS Jal. Williams 10' Step Back Jump Shot,Missed Shot,Step Back Jump shot,1,2,4
4,0042400407,8,PT11M29.00S,1,1610612754,IND,1630174,Nesmith,A. Nesmith,0,0,0,,0,,,0,v,Nesmith BLOCK (1 BLK),,,1,2,5
5,0042400407,10,PT11M25.00S,1,1610612754,IND,1630174,Nesmith,A. Nesmith,0,0,0,,0,,,0,v,Nesmith REBOUND (Off:0 Def:1),Rebound,Unknown,1,0,6
6,0042400407,11,PT11M17.00S,1,1610612760,OKC,1629652,Dort,L. Dort,0,0,0,,0,,,0,h,Dort P.FOUL (P1.T1) (S.Wright),Foul,Personal,1,0,7
7,0042400407,13,PT11M11.00S,1,1610612754,IND,1626167,Turner,M. Turner,-158,180,24,Missed,1,,,0,v,MISS Turner 24' 3PT Jump Shot,Missed Shot,Jump Shot,1,3,8
8,0042400407,14,PT11M08.00S,1,1610612760,OKC,1631096,Holmgren,C. Holmgren,0,0,0,,0,,,0,h,Holmgren REBOUND (Off:0 Def:1),Rebound,Unknown,1,0,9
9,0042400407,15,PT10M57.00S,1,1610612760,OKC,1628983,Gilgeous-Alexander,S. Gilgeous-Alexander,70,132,15,Made,1,2,2,4,h,Gilgeous-Alexander 15' Step Back Jump Shot (2 PTS),Made Shot,Step Back Jump shot,1,2,10
10,0042400407,16,PT10M45.00S,1,1610612754,IND,1627783,Siakam,P. Siakam,-125,222,25,Made,1,2,5,7,v,Siakam 25' 3PT Jump Shot (3 PTS) (Nembhard 1 AST),Made Shot,Jump Shot,1,3,11
11,0042400407,18,PT10M17.00S,1,1610612760,OKC,1628983,Gilgeous-Alexander,S. Gilgeous-Alexander,-185,107,21,Missed,1,,,0,h,MISS Gilgeous-Alexander 21' Pullup Jump Shot,Missed Shot,Pullup Jump shot,1,2,12
12,0042400407,19,PT10M15.00S,1,0,,1610612754,,,0,0,0,,0,,,0,v,Pacers Rebound,Rebound,Unknown,1,0,13
13,0042400407,20,PT10M15.00S,1,1610612760,OKC,1631096,Holmgren,C. Holmgren,0,0,0,,0,,,0,h,Holmgren L.B.FOUL (P1.T2) (J.Tiven),Foul,Loose Ball,1,0,14
14,0042400407,22,PT09M59.00S,1,1610612754,IND,1629614,Nembhard,A. Nembhard,-66,9,7,Missed,1,,,0,v,MISS Nembhard 7' Driving Layup,Missed Shot,Driving Layup Shot,1,2,15
15,0042400407,22,PT09M59.00S,1,1610612760,OKC,1631096,Holmgren,C. Holmgren,0,0,0,,0,,,0,h,Holmgren BLOCK (1 BLK),,,1,2,16
16,0042400407,24,PT09M56.00S,1,1610612754,IND,1629614,Nembhard,A. Nembhard,0,0,0,,0,,,0,v,Nembhard REBOUND (Off:1 Def:0),Rebound,Unknown,1,0,17
17,0042400407,25,PT09M54.00S,1,1610612754,IND,1627783,Siakam,P. Siakam,-151,-8,15,Missed,1,,,0,v,MISS Siakam 15' Pullup Jump Shot,Missed Shot,Pullup Jump shot,1,2,18
18,0042400407,26,PT09M51.00S,1,1610612760,OKC,1628983,Gilgeous-Alexander,S. Gilgeous-Alexander,0,0,0,,0,,,0,h,Gilgeous-Alexander REBOUND (Off:0 Def:1),Rebound,Unknown,1,0,19
19,0042400407,27,PT09M45.00S,1,1610612754,IND,1630174,Nesmith,A. Nesmith,0,0,0,,0,,,0,v,Nesmith P.FOUL (P1.T1) (J.Capers),Foul,Personal,1,0,20
20,0042400407,29,PT09M35.00S,1,1610612760,OKC,1628983,Gilgeous-Alexander,S. Gilgeous-Alexander,-150,-1,15,Made,1,4,5,9,h,Gilgeous-Alexander 15' Pullup Jump Shot (4 PTS),Made Shot,Pullup Jump shot,1,2,21
21,0042400407,30,PT09M21.00S,1,1610612754,IND,1630169,Haliburton,T. Haliburton,-6,0,1,Missed,1,,,0,v,MISS Haliburton 1' Driving Layup,Missed Shot,Driving Layup Shot,1,2,22
22,0042400407,30,PT09M21.00S,1,1610612760,OKC,1628983,Gilgeous-Alexander,S. Gilgeous-Alexander,0,0,0,,0,,,0,h,Gilgeous-Alexander BLOCK (1 BLK),,,1,2,23
23,0042400407,32,PT09M18.00S,1,1610612760,OKC,1631096,Holmgren,C. Holmgren,0,0,0,,0,,,0,h,Holmgren REBOUND (Off:0 Def:2),Rebound,Unknown,1,0,24
24,0042400407,33,PT08M58.00S,1,1610612760,OKC,1631096,Holmgren,C. Holmgren,-47,141,15,Made,1,6,5,11,h,Holmgren 15' Turnaround Jump Shot (2 PTS) (Jal. Williams 1 AST),Made Shot,Turnaround Jump Shot,1,2,25
25,0042400407,35,PT08M33.00S,1,1610612754,IND,1630169,Haliburton,T. Haliburton,-102,229,25,Made,1,6,8,14,v,Haliburton 25' 3PT Jump Shot (3 PTS) (Siakam 1 AST),Made Shot,Jump Shot,1,3,26
26,0042400407,37,PT08M11.00S,1,1610612760,OKC,1631114,Williams,J. Williams,-44,36,6,Missed,1,,,0,h,MISS Jal. Williams 6' Driving Floating Jump Shot,Missed Shot,Driving Floating Jump Shot,1,2,27
27,0042400407,38,PT08M09.00S,1,1610612754,IND,1629614,Nembhard,A. Nembhard,0,0,0,,0,,,0,v,Nembhard REBOUND (Off:1 Def:1),Rebound,Unknown,1,0,28
28,0042400407,39,PT08M05.00S,1,1610612754,IND,1630169,Haliburton,T. Haliburton,-102,222,24,Made,1,6,11,17,v,Haliburton 24' 3PT Running Jump Shot (6 PTS) (Nembhard 2 AST),Made Shot,Running Jump Shot,1,3,29
29,0042400407,41,PT07M46.00S,1,1610612760,OKC,1629652,Dort,L. Dort,-20,16,3,Made,1,8,11,19,h,Dort 3' Cutting Layup Shot (2 PTS) (Hartenstein 1 AST),Made Shot,Cutting Layup Shot,1,2,30
30,0042400407,43,PT07M32.00S,1,1610612754,IND,1627783,Siakam,P. Siakam,-25,143,15,Missed,1,,,0,v,MISS Siakam 15' Step Back Jump Shot,Missed Shot,Step Back Jump shot,1,2,31
31,0042400407,44,PT07M29.00S,1,1610612760,OKC,1631096,Holmgren,C. Holmgren,0,0,0,,0,,,0,h,Holmgren REBOUND (Off:0 Def:3),Rebound,Unknown,1,0,32
32,0042400407,45,PT07M21.00S,1,1610612754,IND,1630174,Nesmith,A. Nesmith,0,0,0,,0,,,0,v,Nesmith S.FOUL (P2.T2) (J.Tiven),Foul,Shooting,1,0,33
33,0042400407,47,PT07M21.00S,1,1610612760,OKC,1628983,Gilgeous-Alexander,S. Gilgeous-Alexander,0,0,0,,0,9,11,20,h,Gilgeous-Alexander Free Throw 1 of 2 (5 PTS),Free Throw,Free Throw 1 of 2,1,0,34
34,0042400407,48,PT07M21.00S,1,1610612760,OKC,1631096,Holmgren,C. Holmgren,0,0,0,,0,,,0,h,SUB: Caruso FOR Holmgren,Substitution,,0,0,35
35,0042400407,49,PT07M21.00S,1,1610612754,IND,1630174,Nesmith,A. Nesmith,0,0,0,,0,,,0,v,SUB: Mathurin FOR Nesmith,Substitution,,0,0,36
36,0042400407,52,PT07M21.00S,1,1610612760,OKC,1628983,Gilgeous-Alexander,S. Gilgeous-Alexander,0,0,0,,0,10,11,21,h,Gilgeous-Alexander Free Throw 2 of 2 (6 PTS),Free Throw,Free Throw 2 of 2,1,0,37
37,0042400407,53,PT07M08.00S,1,1610612754,IND,1630169,Haliburton,T. Haliburton,-80,237,25,Missed,1,,,0,v,MISS Haliburton 25' 3PT Pullup Jump Shot,Missed Shot,Pullup Jump shot,1,3,38
38,0042400407,54,PT07M03.00S,1,1610612754,IND,1631097,Mathurin,B. Mathurin,0,0,0,,0,,,0,v,Mathurin REBOUND (Off:1 Def:0),Rebound,Unknown,1,0,39
39,0042400407,55,PT07M01.00S,1,1610612754,IND,1630169,Haliburton,T. Haliburton,-50,261,27,Made,1,10,14,24,v,Haliburton 27' 3PT Jump Shot (9 PTS) (Mathurin 1 AST),Made Shot,Jump Shot,1,3,40
40,0042400407,57,PT06M58.00S,1,0,,1610612760,,,0,0,0,,0,,,0,h,THUNDER Timeout: Regular (Full 1 Short 0),Timeout,Regular,0,0,41
41,0042400407,58,PT06M58.00S,1,1610612754,IND,1627783,Siakam,P. Siakam,0,0,0,,0,,,0,v,SUB: Toppin FOR Siakam,Substitution,,0,0,42
42,0042400407,60,PT06M43.00S,1,1610612760,OKC,1627936,Caruso,A. Caruso,-191,172,26,Made,1,13,14,27,h,Caruso 26' 3PT Jump Shot (3 PTS) (Gilgeous-Alexander 1 AST),Made Shot,Jump Shot,1,3,43
43,0042400407,62,PT06M13.00S,1,1610612754,IND,1631097,Mathurin,B. Mathurin,-230,53,24,Missed,1,,,0,v,MISS Mathurin 24' 3PT Pullup Jump Shot,Missed Shot,Pullup Jump shot,1,3,44
44,0042400407,63,PT06M11.00S,1,1610612760,OKC,1628392,Hartenstein,I. Hartenstein,0,0,0,,0,,,0,h,Hartenstein REBOUND (Off:0 Def:1),Rebound,Unknown,1,0,45
45,0042400407,65,PT06M01.00S,1,1610612760,OKC,1631114,Williams,J. Williams,0,0,0,,0,,,0,h,Jump Ball Jal. Williams vs. Nembhard: Tip to Hartenstein,Jump Ball,,0,0,46
46,0042400407,70,PT05M48.00S,1,1610612760,OKC,1627936,Caruso,A. Caruso,201,154,25,Made,1,16,14,30,h,Caruso 25' 3PT Jump Shot (6 PTS) (Gilgeous-Alexander 2 AST),Made Shot,Jump Shot,1,3,47
47,0042400407,72,PT05M36.00S,1,1610612760,OKC,1631114,Williams,J. Williams,0,0,0,,0,,,0,h,Jal. Williams S.FOUL (P1.T3) (J.Tiven),Foul,Shooting,1,0,48
48,0042400407,74,PT05M36.00S,1,1610612754,IND,1629614,Nembhard,A. Nembhard,0,0,0,,0,16,15,31,v,Nembhard Free Throw 1 of 2 (3 PTS),Free Throw,Free Throw 1 of 2,1,0,49
49,0042400407,75,PT05M36.00S,1,1610612760,OKC,1628392,Hartenstein,I. Hartenstein,0,0,0,,0,,,0,h,SUB: Wallace FOR Hartenstein,Substitution,,0,0,50
50,0042400407,76,PT05M36.00S,1,1610612754,IND,1631097,Mathurin,B. Mathurin,0,0,0,,0,,,0,v,SUB: Sheppard FOR Mathurin,Substitution,,0,0,51
51,0042400407,79,PT05M36.00S,1,1610612754,IND,1629614,Nembhard,A. Nembhard,0,0,0,,0,16,16,32,v,Nembhard Free Throw 2 of 2 (4 PTS),Free Throw,Free Throw 2 of 2,1,0,52
52,0042400407,80,PT05M20.00S,1,1610612760,OKC,1627936,Caruso,A. Caruso,-34,10,4,Missed,1,,,0,h,MISS Caruso 4' Driving Layup,Missed Shot,Driving Layup Shot,1,2,53
53,0042400407,81,PT05M18.00S,1,1610612754,IND,1626167,Turner,M. Turner,0,0,0,,0,,,0,v,Turner REBOUND (Off:0 Def:1),Rebound,Unknown,1,0,54
54,0042400407,82,PT05M00.00S,1,1610612754,IND,1630169,Haliburton,T. Haliburton,0,0,0,,0,,,0,v,Haliburton Bad Pass Turnover (P1.T1),Turnover,Bad Pass,1,0,55
55,0042400407,82,PT05M00.00S,1,1610612760,OKC,1627936,Caruso,A. Caruso,0,0,0,,0,,,0,h,Caruso STEAL (1 STL),,,1,0,56
56,0042400407,84,PT04M55.00S,1,1610612760,OKC,1631114,Williams,J. Williams,-10,20,2,Made,1,18,16,34,h,Jal. Williams 2' Running Dunk (2 PTS) (Gilgeous-Alexander 3 AST),Made Shot,Running Dunk Shot,1,2,57
57,0042400407,86,PT04M55.00S,1,0,,1610612754,,,0,0,0,,0,,,0,v,Pacers Timeout: Regular (Reg.1 Short 0),Timeout,Regular,0,0,58
58,0042400407,87,PT04M55.00S,1,1610612754,IND,1630169,Haliburton,T. Haliburton,0,0,0,,0,,,0,v,SUB: McConnell FOR Haliburton,Substitution,,0,0,59
59,0042400407,88,PT04M55.00S,1,1610612754,IND,1629614,Nembhard,A. Nembhard,0,0,0,,0,,,0,v,SUB: Mathurin FOR Nembhard,Substitution,,0,0,60
60,0042400407,89,PT04M55.00S,1,1610612754,IND,1626167,Turner,M. Turner,0,0,0,,0,,,0,v,SUB: Siakam FOR Turner,Substitution,,0,0,61
61,0042400407,93,PT04M32.00S,1,1610612754,IND,204456,McConnell,T. McConnell,-12,137,14,Missed,1,,,0,v,MISS McConnell 14' Turnaround Fadeaway Shot,Missed Shot,Turnaround Fadeaway shot,1,2,62
62,0042400407,95,PT04M31.00S,1,0,,1610612754,,,0,0,0,,0,,,0,v,Pacers Rebound,Rebound,Unknown,1,0,63
63,0042400407,96,PT04M31.00S,1,0,,1610612754,,,0,0,0,,0,,,0,v,Pacers Turnover: Shot Clock (T#2),Turnover,Shot Clock Turnover,0,0,64
64,0042400407,97,PT04M19.00S,1,1610612760,OKC,1627936,Caruso,A. Caruso,-238,34,24,Missed,1,,,0,h,MISS Caruso 24' 3PT Jump Shot,Missed Shot,Jump Shot,1,3,65
65,0042400407,98,PT04M16.00S,1,1610612754,IND,1631097,Mathurin,B. Mathurin,0,0,0,,0,,,0,v,Mathurin REBOUND (Off:1 Def:1),Rebound,Unknown,1,0,66
66,0042400407,99,PT04M05.00S,1,1610612754,IND,1627783,Siakam,P. Siakam,32,8,3,Made,1,18,18,36,v,Siakam 3' Driving Finger Roll Layup (5 PTS) (Mathurin 2 AST),Made Shot,Driving Finger Roll Layup Shot,1,2,67
67,0042400407,101,PT04M05.00S,1,1610612760,OKC,1627936,Caruso,A. Caruso,0,0,0,,0,,,0,h,Caruso S.FOUL (P1.T4) (J.Capers),Foul,Shooting,1,0,68
68,0042400407,103,PT04M05.00S,1,1610612760,OKC,1629652,Dort,L. Dort,0,0,0,,0,,,0,h,SUB: Holmgren FOR Dort,Substitution,,0,0,69
69,0042400407,104,PT04M05.00S,1,1610612760,OKC,1631114,Williams,J. Williams,0,0,0,,0,,,0,h,SUB: K. Williams FOR Jal. Williams,Substitution,,0,0,70
70,0042400407,107,PT04M05.00S,1,1610612754,IND,1627783,Siakam,P. Siakam,0,0,0,,0,,,0,v,MISS Siakam Free Throw 1 of 1,Free Throw,Free Throw 1 of 1,1,0,71
71,0042400407,108,PT04M02.00S,1,1610612760,OKC,1628983,Gilgeous-Alexander,S. Gilgeous-Alexander,0,0,0,,0,,,0,h,Gilgeous-Alexander REBOUND (Off:0 Def:2),Rebound,Unknown,1,0,72
72,0042400407,109,PT03M52.00S,1,1610612760,OKC,1628983,Gilgeous-Alexander,S. Gilgeous-Alexander,125,7,13,Missed,1,,,0,h,MISS Gilgeous-Alexander 13' Turnaround Fadeaway Shot,Missed Shot,Turnaround Fadeaway shot,1,2,73
73,0042400407,110,PT03M50.00S,1,1610612754,IND,1627783,Siakam,P. Siakam,0,0,0,,0,,,0,v,Siakam REBOUND (Off:0 Def:1),Rebound,Unknown,1,0,74
74,0042400407,111,PT03M41.00S,1,1610612754,IND,1631097,Mathurin,B. Mathurin,-58,-15,6,Missed,1,,,0,v,MISS Mathurin 6' Driving Floating Jump Shot,Missed Shot,Driving Floating Jump Shot,1,2,75
75,0042400407,112,PT03M39.00S,1,1610612760,OKC,1627936,Caruso,A. Caruso,0,0,0,,0,,,0,h,Caruso REBOUND (Off:0 Def:1),Rebound,Unknown,1,0,76
76,0042400407,113,PT03M32.00S,1,1610612760,OKC,1627936,Caruso,A. Caruso,121,231,26,Missed,1,,,0,h,MISS Caruso 26' 3PT Jump Shot,Missed Shot,Jump Shot,1,3,77
77,0042400407,114,PT03M27.00S,1,1610612760,OKC,1629026,Williams,K. Williams,0,0,0,,0,,,0,h,K. Williams REBOUND (Off:1 Def:0),Rebound,Unknown,1,0,78
78,0042400407,115,PT03M18.00S,1,1610612760,OKC,1628983,Gilgeous-Alexander,S. Gilgeous-Alexander,6,63,6,Made,1,20,18,38,h,Gilgeous-Alexander 6' Pullup Jump Shot (8 PTS),Made Shot,Pullup Jump shot,1,2,79
79,0042400407,116,PT03M06.00S,1,1610612754,IND,1630167,Toppin,O. Toppin,-61,14,6,Missed,1,,,0,v,MISS Toppin 6' Driving Floating Bank Jump Shot,Missed Shot,Driving Floating Bank Jump Shot,1,2,80
80,0042400407,117,PT03M04.00S,1,1610612760,OKC,1631096,Holmgren,C. Holmgren,0,0,0,,0,,,0,h,Holmgren REBOUND (Off:0 Def:4),Rebound,Unknown,1,0,81
81,0042400407,118,PT02M48.00S,1,1610612760,OKC,1631096,Holmgren,C. Holmgren,7,84,8,Made,1,22,18,40,h,Holmgren 8' Driving Floating Jump Shot (4 PTS) (Gilgeous-Alexander 4 AST),Made Shot,Driving Floating Jump Shot,1,2,82
82,0042400407,120,PT02M26.00S,1,1610612754,IND,1627783,Siakam,P. Siakam,74,130,15,Made,1,22,20,42,v,Siakam 15' Pullup Jump Shot (7 PTS) (McConnell 1 AST),Made Shot,Pullup Jump shot,1,2,83
83,0042400407,122,PT01M59.00S,1,1610612760,OKC,1628983,Gilgeous-Alexander,S. Gilgeous-Alexander,-88,153,18,Missed,1,,,0,h,MISS Gilgeous-Alexander 18' Pullup Jump Shot,Missed Shot,Pullup Jump shot,1,2,84
84,0042400407,123,PT01M56.00S,1,1610612754,IND,204456,McConnell,T. McConnell,0,0,0,,0,,,0,v,McConnell REBOUND (Off:0 Def:1),Rebound,Unknown,1,0,85
85,0042400407,124,PT01M41.00S,1,1610612754,IND,204456,McConnell,T. McConnell,0,0,0,,0,,,0,v,McConnell Bad Pass Turnover (P1.T3),Turnover,Bad Pass,1,0,86
86,0042400407,124,PT01M41.00S,1,1610612760,OKC,1627936,Caruso,A. Caruso,0,0,0,,0,,,0,h,Caruso STEAL (2 STL),,,1,0,87
87,0042400407,126,PT01M19.00S,1,1610612760,OKC,1641717,Wallace,C. Wallace,-168,80,19,Missed,1,,,0,h,MISS Wallace 19' Pullup Jump Shot,Missed Shot,Pullup Jump shot,1,2,88
88,0042400407,127,PT01M18.00S,1,0,,1610612760,,,0,0,0,,0,,,0,h,THUNDER Rebound,Rebound,Unknown,0,0,89
89,0042400407,128,PT01M18.00S,1,0,,1610612760,,,0,0,0,,0,,,0,h,THUNDER Turnover: Shot Clock (T#1),Turnover,Shot Clock Turnover,1,0,90
90,0042400407,129,PT01M18.00S,1,1610612760,OKC,1628983,Gilgeous-Alexander,S. Gilgeous-Alexander,0,0,0,,0,,,0,h,SUB: Wiggins FOR Gilgeous-Alexander,Substitution,,0,0,91
91,0042400407,131,PT01M18.00S,1,1610612760,OKC,1627936,Caruso,A. Caruso,0,0,0,,0,,,0,h,SUB: Jal. Williams FOR Caruso,Substitution,,0,0,92
92,0042400407,133,PT01M09.00S,1,1610612754,IND,204456,McConnell,T. McConnell,145,53,15,Missed,1,,,0,v,MISS McConnell 15' Pullup Jump Shot,Missed Shot,Pullup Jump shot,1,2,93
93,0042400407,134,PT01M06.00S,1,1610612760,OKC,1631114,Williams,J. Williams,0,0,0,,0,,,0,h,Jal. Williams REBOUND (Off:0 Def:1),Rebound,Unknown,1,0,94
94,0042400407,135,PT00M59.20S,1,1610612760,OKC,1629026,Williams,K. Williams,-100,279,30,Missed,1,,,0,h,MISS K. Williams 30' 3PT Jump Shot,Missed Shot,Jump Shot,1,3,95
95,0042400407,136,PT00M56.80S,1,0,,1610612754,,,0,0,0,,0,,,0,v,Pacers Rebound,Rebound,Unknown,1,0,96
96,0042400407,138,PT00M37.00S,1,1610612754,IND,1631097,Mathurin,B. Mathurin,76,35,8,Missed,1,,,0,v,MISS Mathurin 8' Driving Layup,Missed Shot,Driving Layup Shot,1,2,97
97,0042400407,140,PT00M34.90S,1,1610612754,IND,1631097,Mathurin,B. Mathurin,0,0,0,,0,,,0,v,Mathurin REBOUND (Off:2 Def:1),Rebound,Unknown,1,0,98
98,0042400407,141,PT00M34.90S,1,1610612754,IND,1631097,Mathurin,B. Mathurin,-2,3,0,Made,1,22,22,44,v,Mathurin Putback Layup (2 PTS),Made Shot,Putback Layup Shot,1,2,99
99,0042400407,142,PT00M22.90S,1,1610612760,OKC,1631114,Williams,J. Williams,-7,13,1,Made,1,24,22,46,h,Jal. Williams 1' Driving Layup (4 PTS),Made Shot,Driving Layup Shot,1,2,100
100,0042400407,143,PT00M05.50S,1,1610612754,IND,204456,McConnell,T. McConnell,0,0,0,,0,,,0,v,McConnell Lost Ball Turnover (P2.T4),Turnover,Lost Ball,1,0,101
101,0042400407,143,PT00M05.50S,1,1610612760,OKC,1641717,Wallace,C. Wallace,0,0,0,,0,,,0,h,Wallace STEAL (1 STL),,,1,0,102
102,0042400407,145,PT00M01.30S,1,1610612754,IND,204456,McConnell,T. McConnell,0,0,0,,0,,,0,v,McConnell S.FOUL (P1.T3) (J.Capers),Foul,Shooting,1,0,103
103,0042400407,147,PT00M01.30S,1,1610612760,OKC,1631096,Holmgren,C. Holmgren,0,0,0,,0,,,0,h,MISS Holmgren Free Throw 1 of 2,Free Throw,Free Throw 1 of 2,1,0,104
104,0042400407,148,PT00M01.30S,1,0,,1610612760,,,0,0,0,,0,,,0,h,THUNDER Rebound,Rebound,Normal Rebound,1,0,105
105,0042400407,149,PT00M01.30S,1,1610612754,IND,1631097,Mathurin,B. Mathurin,0,0,0,,0,,,0,v,SUB: Bradley FOR Mathurin,Substitution,,0,0,106
106,0042400407,151,PT00M01.30S,1,1610612760,OKC,1631096,Holmgren,C. Holmgren,0,0,0,,0,25,22,47,h,Holmgren Free Throw 2 of 2 (5 PTS),Free Throw,Free Throw 2 of 2,1,0,107
107,0042400407,152,PT00M00.20S,1,1610612754,IND,1627783,Siakam,P. Siakam,224,247,33,Missed,1,,,0,v,MISS Siakam 33' 3PT Jump Shot,Missed Shot,Jump Shot,1,3,108
108,0042400407,153,PT00M00.10S,1,0,,1610612754,,,0,0,0,,0,,,0,v,Pacers Rebound,Rebound,Unknown,0,0,109
109,0042400407,154,PT00M00.00S,1,0,,0,,,0,0,0,,0,25,22,47,,End of 1st Period (8:36 PM EST),period,end,1,0,110
110,0042400407,161,PT12M00.00S,2,0,,0,,,0,0,0,,0,25,22,47,,Start of 2nd Period (8:40 PM EST),period,start,0,0,111
111,0042400407,162,PT11M47.00S,2,1610612760,OKC,1628392,Hartenstein,I. Hartenstein,16,13,2,Missed,1,,,0,h,MISS Hartenstein 2' Alley Oop Dunk,Missed Shot,Alley Oop Dunk Shot,0,2,112
112,0042400407,163,PT11M45.00S,2,1610612754,IND,1641767,Sheppard,B. Sheppard,0,0,0,,0,,,0,v,Sheppard REBOUND (Off:0 Def:1),Rebound,Unknown,0,0,113
113,0042400407,164,PT11M39.00S,2,1610612754,IND,1631097,Mathurin,B. Mathurin,189,169,25,Made,1,25,25,50,v,Mathurin 25' 3PT Jump Shot (5 PTS) (McConnell 2 AST),Made Shot,Jump Shot,1,3,114
114,0042400407,166,PT11M24.00S,2,1610612754,IND,1628396,Bradley,T. Bradley,0,0,0,,0,,,0,v,Bradley S.FOUL (P1.T1) (J.Tiven),Foul,Shooting,1,0,115
115,0042400407,168,PT11M24.00S,2,1610612760,OKC,1628392,Hartenstein,I. Hartenstein,0,0,0,,0,,,0,h,MISS Hartenstein Free Throw 1 of 2,Free Throw,Free Throw 1 of 2,1,0,116
116,0042400407,169,PT11M24.00S,2,0,,1610612760,,,0,0,0,,0,,,0,h,THUNDER Rebound,Rebound,Normal Rebound,0,0,117
117,0042400407,170,PT11M24.00S,2,1610612760,OKC,1628392,Hartenstein,I. Hartenstein,0,0,0,,0,,,0,h,MISS Hartenstein Free Throw 2 of 2,Free Throw,Free Throw 2 of 2,0,0,118
118,0042400407,171,PT11M22.00S,2,1610612754,IND,1628396,Bradley,T. Bradley,0,0,0,,0,,,0,v,Bradley REBOUND (Off:0 Def:1),Rebound,Unknown,1,0,119
119,0042400407,172,PT11M03.00S,2,1610612760,OKC,1641717,Wallace,C. Wallace,0,0,0,,0,,,0,h,Wallace S.FOUL (P1.T1) (J.Tiven),Foul,Shooting,1,0,120
120,0042400407,174,PT11M03.00S,2,1610612754,IND,1627783,Siakam,P. Siakam,0,0,0,,0,25,26,51,v,Siakam Free Throw 1 of 2 (8 PTS),Free Throw,Free Throw 1 of 2,1,0,121
121,0042400407,175,PT11M03.00S,2,1610612754,IND,1627783,Siakam,P. Siakam,0,0,0,,0,,,0,v,MISS Siakam Free Throw 2 of 2,Free Throw,Free Throw 2 of 2,1,0,122
122,0042400407,176,PT11M01.00S,2,1610612760,OKC,1628392,Hartenstein,I. Hartenstein,0,0,0,,0,,,0,h,Hartenstein REBOUND (Off:0 Def:2),Rebound,Unknown,1,0,123
123,0042400407,177,PT10M45.00S,2,1610612760,OKC,1631114,Williams,J. Williams,-113,249,27,Missed,1,,,0,h,MISS Jal. Williams 27' 3PT Step Back Jump Shot,Missed Shot,Step Back Jump shot,1,3,124
124,0042400407,178,PT10M42.00S,2,1610612760,OKC,1641717,Wallace,C. Wallace,0,0,0,,0,,,0,h,Wallace REBOUND (Off:1 Def:0),Rebound,Unknown,1,0,125
125,0042400407,179,PT10M34.00S,2,1610612760,OKC,1627936,Caruso,A. Caruso,-1,13,1,Made,1,27,26,53,h,Caruso 1' Cutting Dunk Shot (8 PTS) (Hartenstein 2 AST),Made Shot,Cutting Dunk Shot,1,2,126
126,0042400407,181,PT10M21.00S,2,1610612760,OKC,1631114,Williams,J. Williams,0,0,0,,0,,,0,h,Jal. Williams S.FOUL (P2.T2) (S.Wright),Foul,Shooting,1,0,127
127,0042400407,183,PT10M21.00S,2,1610612754,IND,1628396,Bradley,T. Bradley,0,0,0,,0,27,27,54,v,Bradley Free Throw 1 of 2 (1 PTS),Free Throw,Free Throw 1 of 2,1,0,128
128,0042400407,184,PT10M21.00S,2,1610612754,IND,1628396,Bradley,T. Bradley,0,0,0,,0,27,28,55,v,Bradley Free Throw 2 of 2 (2 PTS),Free Throw,Free Throw 2 of 2,1,0,129
129,0042400407,185,PT10M10.00S,2,1610612754,IND,204456,McConnell,T. McConnell,0,0,0,,0,,,0,v,McConnell P.FOUL (P2.T2) (S.Wright),Foul,Personal,1,0,130
130,0042400407,187,PT10M05.00S,2,1610612760,OKC,1631114,Williams,J. Williams,-20,21,3,Missed,1,,,0,h,MISS Jal. Williams 3' Driving Layup,Missed Shot,Driving Layup Shot,1,2,131
131,0042400407,188,PT10M03.00S,2,1610612760,OKC,1628392,Hartenstein,I. Hartenstein,0,0,0,,0,,,0,h,Hartenstein REBOUND (Off:1 Def:2),Rebound,Unknown,1,0,132
132,0042400407,189,PT10M03.00S,2,1610612760,OKC,1627936,Caruso,A. Caruso,189,164,25,Missed,1,,,0,h,MISS Caruso 25' 3PT Jump Shot,Missed Shot,Jump Shot,1,3,133
133,0042400407,190,PT10M02.00S,2,0,,1610612760,,,0,0,0,,0,,,0,h,THUNDER Rebound,Rebound,Unknown,1,0,134
134,0042400407,193,PT10M02.00S,2,1610612754,IND,1628396,Bradley,T. Bradley,0,0,0,,0,,,0,v,Bradley L.B.FOUL (P2.T3) (J.Tiven),Foul,Loose Ball,1,0,135
135,0042400407,195,PT09M55.00S,2,1610612760,OKC,1628392,Hartenstein,I. Hartenstein,-10,13,2,Made,1,29,28,57,h,Hartenstein 2' Cutting Layup Shot (2 PTS) (Jal. Williams 2 AST),Made Shot,Cutting Layup Shot,1,2,136
136,0042400407,198,PT09M36.00S,2,1610612754,IND,1641767,Sheppard,B. Sheppard,0,0,0,,0,,,0,v,Sheppard Lost Ball Turnover (P1.T5),Turnover,Lost Ball,1,0,137
137,0042400407,198,PT09M36.00S,2,1610612760,OKC,1627936,Caruso,A. Caruso,0,0,0,,0,,,0,h,Caruso STEAL (3 STL),,,1,0,138
138,0042400407,200,PT09M27.00S,2,1610612760,OKC,1641717,Wallace,C. Wallace,0,0,0,,0,,,0,h,Wallace Lost Ball Turnover (P1.T2),Turnover,Lost Ball,1,0,139
139,0042400407,200,PT09M27.00S,2,1610612754,IND,204456,McConnell,T. McConnell,0,0,0,,0,,,0,v,McConnell STEAL (1 STL),,,1,0,140
140,0042400407,202,PT09M07.00S,2,1610612754,IND,1627783,Siakam,P. Siakam,87,77,12,Missed,1,,,0,v,MISS Siakam 12' Step Back Jump Shot,Missed Shot,Step Back Jump shot,1,2,141
141,0042400407,203,PT09M03.00S,2,1610612760,OKC,1628392,Hartenstein,I. Hartenstein,0,0,0,,0,,,0,h,Hartenstein REBOUND (Off:1 Def:3),Rebound,Unknown,1,0,142
142,0042400407,204,PT08M52.00S,2,1610612754,IND,1641767,Sheppard,B. Sheppard,0,0,0,,0,,,0,v,Sheppard S.FOUL (P1.T4) (S.Wright),Foul,Shooting,1,0,143
143,0042400407,206,PT08M52.00S,2,1610612760,OKC,1631114,Williams,J. Williams,0,0,0,,0,,,0,h,MISS Jal. Williams Free Throw 1 of 2,Free Throw,Free Throw 1 of 2,0,0,144
144,0042400407,207,PT08M52.00S,2,0,,1610612760,,,0,0,0,,0,,,0,h,THUNDER Rebound,Rebound,Normal Rebound,1,0,145
145,0042400407,208,PT08M52.00S,2,1610612760,OKC,1628392,Hartenstein,I. Hartenstein,0,0,0,,0,,,0,h,SUB: Gilgeous-Alexander FOR Hartenstein,Substitution,,0,0,146
146,0042400407,209,PT08M52.00S,2,1610612760,OKC,1627936,Caruso,A. Caruso,0,0,0,,0,,,0,h,SUB: Dort FOR Caruso,Substitution,,0,0,147
147,0042400407,210,PT08M52.00S,2,1610612754,IND,204456,McConnell,T. McConnell,0,0,0,,0,,,0,v,SUB: Nesmith FOR McConnell,Substitution,,0,0,148
148,0042400407,211,PT08M52.00S,2,1610612754,IND,1628396,Bradley,T. Bradley,0,0,0,,0,,,0,v,SUB: Turner FOR Bradley,Substitution,,0,0,149
149,0042400407,212,PT08M52.00S,2,1610612754,IND,1627783,Siakam,P. Siakam,0,0,0,,0,,,0,v,SUB: Toppin FOR Siakam,Substitution,,0,0,150
150,0042400407,213,PT08M52.00S,2,1610612754,IND,1631097,Mathurin,B. Mathurin,0,0,0,,0,,,0,v,SUB: Nembhard FOR Mathurin,Substitution,,0,0,151
151,0042400407,220,PT08M52.00S,2,1610612760,OKC,1631114,Williams,J. Williams,0,0,0,,0,30,28,58,h,Jal. Williams Free Throw 2 of 2 (5 PTS),Free Throw,Free Throw 2 of 2,1,0,152
152,0042400407,221,PT08M29.00S,2,1610612760,OKC,1630598,Wiggins,A. Wiggins,0,0,0,,0,,,0,h,Wiggins S.FOUL (P1.T3) (S.Wright),Foul,Shooting,1,0,153
153,0042400407,223,PT08M29.00S,2,1610612754,IND,1626167,Turner,M. Turner,0,0,0,,0,,,0,v,MISS Turner Free Throw 1 of 2,Free Throw,Free Throw 1 of 2,1,0,154
154,0042400407,224,PT08M29.00S,2,0,,1610612754,,,0,0,0,,0,,,0,v,Pacers Rebound,Rebound,Normal Rebound,0,0,155
155,0042400407,225,PT08M29.00S,2,1610612754,IND,1626167,Turner,M. Turner,0,0,0,,0,30,29,59,v,Turner Free Throw 2 of 2 (1 PTS),Free Throw,Free Throw 2 of 2,1,0,156
156,0042400407,226,PT08M19.00S,2,1610612754,IND,1629614,Nembhard,A. Nembhard,0,0,0,,0,,,0,v,Nembhard P.FOUL (P1.PN) (S.Wright),Foul,Personal,1,0,157
157,0042400407,228,PT08M19.00S,2,1610612760,OKC,1628983,Gilgeous-Alexander,S. Gilgeous-Alexander,0,0,0,,0,31,29,60,h,Gilgeous-Alexander Free Throw 1 of 2 (9 PTS),Free Throw,Free Throw 1 of 2,1,0,158
158,0042400407,229,PT08M19.00S,2,1610612754,IND,1641767,Sheppard,B. Sheppard,0,0,0,,0,,,0,v,SUB: Mathurin FOR Sheppard,Substitution,,0,0,159
159,0042400407,231,PT08M19.00S,2,1610612760,OKC,1628983,Gilgeous-Alexander,S. Gilgeous-Alexander,0,0,0,,0,32,29,61,h,Gilgeous-Alexander Free Throw 2 of 2 (10 PTS),Free Throw,Free Throw 2 of 2,1,0,160
160,0042400407,232,PT08M16.00S,2,1610612754,IND,1630167,Toppin,O. Toppin,0,0,0,,0,,,0,v,Toppin Bad Pass Turnover (P1.T6),Turnover,Bad Pass,1,0,161
161,0042400407,232,PT08M16.00S,2,1610612760,OKC,1641717,Wallace,C. Wallace,0,0,0,,0,,,0,h,Wallace STEAL (2 STL),,,1,0,162
162,0042400407,234,PT08M05.00S,2,1610612760,OKC,1628983,Gilgeous-Alexander,S. Gilgeous-Alexander,-123,235,27,Missed,1,,,0,h,MISS Gilgeous-Alexander 27' 3PT Step Back Jump Shot,Missed Shot,Step Back Jump shot,1,3,163
163,0042400407,235,PT08M01.00S,2,1610612754,IND,1630174,Nesmith,A. Nesmith,0,0,0,,0,,,0,v,Nesmith REBOUND (Off:0 Def:2),Rebound,Unknown,1,0,164
164,0042400407,236,PT07M49.00S,2,1610612754,IND,1630167,Toppin,O. Toppin,-227,61,24,Missed,1,,,0,v,MISS Toppin 24' 3PT Jump Shot,Missed Shot,Jump Shot,1,3,165
165,0042400407,237,PT07M47.00S,2,1610612754,IND,1626167,Turner,M. Turner,0,0,0,,0,,,0,v,Turner REBOUND (Off:1 Def:1),Rebound,Unknown,1,0,166
166,0042400407,238,PT07M46.00S,2,1610612754,IND,1630174,Nesmith,A. Nesmith,125,210,24,Made,1,32,32,64,v,Nesmith 24' 3PT Jump Shot (3 PTS) (Turner 1 AST),Made Shot,Jump Shot,1,3,167
167,0042400407,240,PT07M30.00S,2,1610612760,OKC,1629652,Dort,L. Dort,-147,233,28,Missed,1,,,0,h,MISS Dort 28' 3PT Jump Shot,Missed Shot,Jump Shot,1,3,168
168,0042400407,241,PT07M24.00S,2,1610612754,IND,1630167,Toppin,O. Toppin,0,0,0,,0,,,0,v,Toppin REBOUND (Off:0 Def:1),Rebound,Unknown,1,0,169
169,0042400407,242,PT07M23.00S,2,1610612754,IND,1630167,Toppin,O. Toppin,0,0,0,,0,,,0,v,Toppin Lost Ball Turnover (P2.T7),Turnover,Lost Ball,1,0,170
170,0042400407,242,PT07M23.00S,2,1610612760,OKC,1641717,Wallace,C. Wallace,0,0,0,,0,,,0,h,Wallace STEAL (3 STL),,,1,0,171
171,0042400407,244,PT07M16.00S,2,1610612760,OKC,1628983,Gilgeous-Alexander,S. Gilgeous-Alexander,-80,141,16,Made,1,34,32,66,h,Gilgeous-Alexander 16' Step Back Jump Shot (12 PTS),Made Shot,Step Back Jump shot,1,2,172
172,0042400407,245,PT07M14.00S,2,0,,1610612754,,,0,0,0,,0,,,0,v,Pacers Timeout: Regular (Reg.2 Short 0),Timeout,Regular,0,0,173
173,0042400407,246,PT07M14.00S,2,1610612760,OKC,1631114,Williams,J. Williams,0,0,0,,0,,,0,h,SUB: Holmgren FOR Jal. Williams,Substitution,,0,0,174
174,0042400407,247,PT07M14.00S,2,1610612760,OKC,1630598,Wiggins,A. Wiggins,0,0,0,,0,,,0,h,SUB: Caruso FOR Wiggins,Substitution,,0,0,175
175,0042400407,250,PT06M52.00S,2,1610612754,IND,1631097,Mathurin,B. Mathurin,-31,-1,3,Missed,1,,,0,v,MISS Mathurin 3' Driving Layup,Missed Shot,Driving Layup Shot,1,2,176
176,0042400407,251,PT06M50.00S,2,1610612760,OKC,1628983,Gilgeous-Alexander,S. Gilgeous-Alexander,0,0,0,,0,,,0,h,Gilgeous-Alexander REBOUND (Off:0 Def:3),Rebound,Unknown,1,0,177
177,0042400407,252,PT06M46.00S,2,1610612760,OKC,1641717,Wallace,C. Wallace,-179,205,27,Made,1,37,32,69,h,Wallace 27' 3PT Running Jump Shot (3 PTS) (Gilgeous-Alexander 5 AST),Made Shot,Running Jump Shot,1,3,178
178,0042400407,254,PT06M25.00S,2,1610612760,OKC,1641717,Wallace,C. Wallace,0,0,0,,0,,,0,h,Wallace S.FOUL (P2.T4) (S.Wright),Foul,Shooting,1,0,179
179,0042400407,256,PT06M25.00S,2,1610612754,IND,1626167,Turner,M. Turner,0,0,0,,0,,,0,v,MISS Turner Free Throw 1 of 2,Free Throw,Free Throw 1 of 2,1,0,180
180,0042400407,257,PT06M25.00S,2,0,,1610612754,,,0,0,0,,0,,,0,v,Pacers Rebound,Rebound,Normal Rebound,0,0,181
181,0042400407,279,PT06M25.00S,2,1610612754,IND,1631097,Mathurin,B. Mathurin,0,0,0,,0,,,0,v,SUB: McConnell FOR Mathurin,Substitution,,0,0,182
182,0042400407,280,PT06M25.00S,2,1610612754,IND,1630167,Toppin,O. Toppin,0,0,0,,0,,,0,v,SUB: Siakam FOR Toppin,Substitution,,0,0,183
183,0042400407,262,PT06M25.00S,2,1610612754,IND,1626167,Turner,M. Turner,0,0,0,,0,,,0,v,MISS Turner Free Throw 2 of 2,Free Throw,Free Throw 2 of 2,1,0,184
184,0042400407,263,PT06M21.00S,2,1610612760,OKC,1629652,Dort,L. Dort,0,0,0,,0,,,0,h,Dort REBOUND (Off:0 Def:1),Rebound,Unknown,1,0,185
185,0042400407,269,PT06M19.00S,2,1610612760,OKC,1629652,Dort,L. Dort,0,0,0,,0,,,0,h,Dort Bad Pass Turnover (P1.T3),Turnover,Bad Pass,1,0,186
186,0042400407,269,PT06M19.00S,2,1610612754,IND,1630174,Nesmith,A. Nesmith,0,0,0,,0,,,0,v,Nesmith STEAL (1 STL),,,1,0,187
187,0042400407,264,PT06M17.00S,2,1610612754,IND,204456,McConnell,T. McConnell,-21,146,15,Missed,1,,,0,v,MISS McConnell 15' Pullup Jump Shot,Missed Shot,Pullup Jump shot,1,2,188
188,0042400407,265,PT06M11.00S,2,1610612760,OKC,1628983,Gilgeous-Alexander,S. Gilgeous-Alexander,0,0,0,,0,,,0,h,Gilgeous-Alexander REBOUND (Off:0 Def:4),Rebound,Unknown,1,0,189
189,0042400407,266,PT06M05.00S,2,1610612760,OKC,1641717,Wallace,C. Wallace,-211,154,26,Missed,1,,,0,h,MISS Wallace 26' 3PT Jump Shot,Missed Shot,Jump Shot,1,3,190
190,0042400407,267,PT06M05.00S,2,0,,1610612754,,,0,0,0,,0,,,0,v,Pacers Rebound,Rebound,Unknown,0,0,191
191,0042400407,271,PT05M48.00S,2,1610612754,IND,204456,McConnell,T. McConnell,-23,-7,2,Made,1,37,34,71,v,McConnell 2' Driving Reverse Layup (2 PTS),Made Shot,Driving Reverse Layup Shot,1,2,192
192,0042400407,272,PT05M36.00S,2,1610612760,OKC,1631096,Holmgren,C. Holmgren,-233,-13,0,Missed,1,,,0,h,MISS Holmgren 3PT Jump Shot,Missed Shot,Jump Shot,1,3,193
193,0042400407,273,PT05M32.00S,2,1610612754,IND,1630174,Nesmith,A. Nesmith,0,0,0,,0,,,0,v,Nesmith REBOUND (Off:0 Def:3),Rebound,Unknown,1,0,194
194,0042400407,274,PT05M23.00S,2,1610612754,IND,1629614,Nembhard,A. Nembhard,15,-6,2,Made,1,37,36,73,v,Nembhard 2' Driving Layup (6 PTS) (McConnell 3 AST),Made Shot,Driving Layup Shot,1,2,195
195,0042400407,276,PT05M22.00S,2,0,,1610612760,,,0,0,0,,0,,,0,h,THUNDER Timeout: Regular (Full 2 Short 0),Timeout,Regular,0,0,196
196,0042400407,283,PT05M22.00S,2,1610612760,OKC,1641717,Wallace,C. Wallace,0,0,0,,0,,,0,h,SUB: Jal. Williams FOR Wallace,Substitution,,0,0,197
197,0042400407,285,PT05M09.00S,2,1610612760,OKC,1631114,Williams,J. Williams,-186,178,26,Missed,1,,,0,h,MISS Jal. Williams 26' 3PT Jump Shot,Missed Shot,Jump Shot,1,3,198
198,0042400407,286,PT05M05.00S,2,1610612754,IND,1629614,Nembhard,A. Nembhard,0,0,0,,0,,,0,v,Nembhard REBOUND (Off:1 Def:2),Rebound,Unknown,1,0,199
199,0042400407,287,PT04M59.00S,2,1610612754,IND,1630174,Nesmith,A. Nesmith,126,218,25,Missed,1,,,0,v,MISS Nesmith 25' 3PT Running Jump Shot,Missed Shot,Running Jump Shot,1,3,200
200,0042400407,288,PT04M57.00S,2,1610612760,OKC,1629652,Dort,L. Dort,0,0,0,,0,,,0,h,Dort REBOUND (Off:0 Def:2),Rebound,Unknown,1,0,201
201,0042400407,289,PT04M46.00S,2,1610612760,OKC,1629652,Dort,L. Dort,132,227,26,Made,1,40,36,76,h,Dort 26' 3PT Jump Shot (5 PTS) (Gilgeous-Alexander 6 AST),Made Shot,Jump Shot,1,3,202
202,0042400407,291,PT04M25.00S,2,1610612754,IND,1626167,Turner,M. Turner,70,140,16,Made,1,40,38,78,v,Turner 16' Jump Shot (3 PTS),Made Shot,Jump Shot,1,2,203
203,0042400407,293,PT04M13.00S,2,1610612760,OKC,1629652,Dort,L. Dort,108,238,26,Missed,1,,,0,h,MISS Dort 26' 3PT Jump Shot,Missed Shot,Jump Shot,1,3,204
204,0042400407,294,PT04M10.00S,2,1610612754,IND,1629614,Nembhard,A. Nembhard,0,0,0,,0,,,0,v,Nembhard REBOUND (Off:1 Def:3),Rebound,Unknown,1,0,205
205,0042400407,295,PT03M53.00S,2,1610612754,IND,204456,McConnell,T. McConnell,-58,135,15,Made,1,40,40,80,v,McConnell 15' Pullup Jump Shot (4 PTS),Made Shot,Pullup Jump shot,1,2,206
206,0042400407,296,PT03M40.00S,2,1610612760,OKC,1631096,Holmgren,C. Holmgren,-54,38,7,Missed,1,,,0,h,MISS Holmgren 7' Driving Layup,Missed Shot,Driving Layup Shot,1,2,207
207,0042400407,296,PT03M40.00S,2,1610612754,IND,204456,McConnell,T. McConnell,0,0,0,,0,,,0,v,McConnell BLOCK (1 BLK),,,1,2,208
208,0042400407,298,PT03M38.00S,2,1610612754,IND,204456,McConnell,T. McConnell,0,0,0,,0,,,0,v,McConnell REBOUND (Off:0 Def:2),Rebound,Unknown,1,0,209
209,0042400407,299,PT03M32.00S,2,1610612754,IND,1626167,Turner,M. Turner,-99,229,25,Missed,1,,,0,v,MISS Turner 25' 3PT Jump Shot,Missed Shot,Jump Shot,1,3,210
210,0042400407,300,PT03M28.00S,2,1610612760,OKC,1629652,Dort,L. Dort,0,0,0,,0,,,0,h,Dort REBOUND (Off:0 Def:3),Rebound,Unknown,1,0,211
211,0042400407,301,PT03M21.00S,2,1610612760,OKC,1628983,Gilgeous-Alexander,S. Gilgeous-Alexander,-38,15,4,Missed,1,,,0,h,MISS Gilgeous-Alexander 4' Driving Layup,Missed Shot,Driving Layup Shot,1,2,212
212,0042400407,301,PT03M21.00S,2,1610612754,IND,1627783,Siakam,P. Siakam,0,0,0,,0,,,0,v,Siakam BLOCK (1 BLK),,,1,2,213
213,0042400407,303,PT03M18.00S,2,1610612754,IND,204456,McConnell,T. McConnell,0,0,0,,0,,,0,v,McConnell REBOUND (Off:0 Def:3),Rebound,Unknown,1,0,214
214,0042400407,304,PT03M13.00S,2,1610612754,IND,1627783,Siakam,P. Siakam,0,0,0,,0,,,0,v,Siakam Out of Bounds - Bad Pass Turnover Turnover (P1.T8),Turnover,Out of Bounds - Bad Pass Turnover,1,0,215
215,0042400407,305,PT03M13.00S,2,1610612760,OKC,1631096,Holmgren,C. Holmgren,0,0,0,,0,,,0,h,SUB: Wallace FOR Holmgren,Substitution,,0,0,216
216,0042400407,306,PT03M13.00S,2,1610612760,OKC,1627936,Caruso,A. Caruso,0,0,0,,0,,,0,h,SUB: Hartenstein FOR Caruso,Substitution,,0,0,217
217,0042400407,307,PT03M13.00S,2,1610612754,IND,204456,McConnell,T. McConnell,0,0,0,,0,,,0,v,SUB: Mathurin FOR McConnell,Substitution,,0,0,218
218,0042400407,311,PT03M04.00S,2,1610612754,IND,1626167,Turner,M. Turner,0,0,0,,0,,,0,v,Turner Violation:Kicked Ball (J.Tiven),Violation,Kicked Ball,0,0,219
219,0042400407,312,PT02M55.00S,2,1610612760,OKC,1628983,Gilgeous-Alexander,S. Gilgeous-Alexander,-18,20,3,Made,1,42,40,82,h,Gilgeous-Alexander 3' Driving Finger Roll Layup (14 PTS) (Jal. Williams 3 AST),Made Shot,Driving Finger Roll Layup Shot,1,2,220
220,0042400407,313,PT02M55.00S,2,1610612754,IND,1626167,Turner,M. Turner,0,0,0,,0,,,0,v,Turner Violation:Defensive Goaltending (J.Capers),Violation,Defensive Goaltending,1,0,221
221,0042400407,314,PT02M44.00S,2,1610612754,IND,1629614,Nembhard,A. Nembhard,108,71,13,Missed,1,,,0,v,MISS Nembhard 13' Pullup Jump Shot,Missed Shot,Pullup Jump shot,1,2,222
222,0042400407,315,PT02M44.00S,2,1610612760,OKC,1628392,Hartenstein,I. Hartenstein,0,0,0,,0,,,0,h,Hartenstein REBOUND (Off:1 Def:4),Rebound,Unknown,1,0,223
223,0042400407,316,PT02M22.00S,2,1610612760,OKC,1629652,Dort,L. Dort,-190,176,26,Missed,1,,,0,h,MISS Dort 26' 3PT Jump Shot,Missed Shot,Jump Shot,1,3,224
224,0042400407,317,PT02M19.00S,2,1610612760,OKC,1628392,Hartenstein,I. Hartenstein,0,0,0,,0,,,0,h,Hartenstein REBOUND (Off:2 Def:4),Rebound,Unknown,1,0,225
225,0042400407,318,PT02M19.00S,2,1610612754,IND,1626167,Turner,M. Turner,0,0,0,,0,,,0,v,SUB: Toppin FOR Turner,Substitution,,0,0,226
226,0042400407,320,PT02M19.00S,2,1610612760,OKC,1628392,Hartenstein,I. Hartenstein,0,0,0,,0,,,0,h, ,Jump Ball,,0,0,227
227,0042400407,323,PT02M17.00S,2,1610612760,OKC,1628392,Hartenstein,I. Hartenstein,0,0,0,,0,,,0,h,Hartenstein Lost Ball Turnover (P1.T4),Turnover,Lost Ball,1,0,228
228,0042400407,323,PT02M17.00S,2,1610612754,IND,1630174,Nesmith,A. Nesmith,0,0,0,,0,,,0,v,Nesmith STEAL (2 STL),,,1,0,229
229,0042400407,326,PT02M02.00S,2,1610612754,IND,1631097,Mathurin,B. Mathurin,-159,179,24,Made,1,42,43,85,v,Mathurin 24' 3PT Pullup Jump Shot (8 PTS),Made Shot,Pullup Jump shot,1,3,230
230,0042400407,327,PT01M49.00S,2,1610612760,OKC,1628392,Hartenstein,I. Hartenstein,0,0,0,,0,,,0,h,Hartenstein Double Dribble Turnover (P2.T5),Turnover,Double Dribble,1,0,231
231,0042400407,328,PT01M49.00S,2,1610612760,OKC,1629652,Dort,L. Dort,0,0,0,,0,,,0,h,SUB: Caruso FOR Dort,Substitution,,0,0,232
232,0042400407,330,PT01M30.00S,2,1610612754,IND,1630167,Toppin,O. Toppin,93,235,25,Missed,1,,,0,v,MISS Toppin 25' 3PT Jump Shot,Missed Shot,Jump Shot,1,3,233
233,0042400407,331,PT01M28.00S,2,0,,1610612754,,,0,0,0,,0,,,0,v,Pacers Rebound,Rebound,Unknown,1,0,234
234,0042400407,332,PT01M28.00S,2,1610612760,OKC,1641717,Wallace,C. Wallace,0,0,0,,0,,,0,h,Wallace L.B.FOUL (P3.PN) (J.Tiven),Foul,Loose Ball,1,0,235
235,0042400407,334,PT01M28.00S,2,1610612754,IND,1627783,Siakam,P. Siakam,0,0,0,,0,42,44,86,v,Siakam Free Throw 1 of 2 (9 PTS),Free Throw,Free Throw 1 of 2,1,0,236
236,0042400407,335,PT01M28.00S,2,1610612760,OKC,1641717,Wallace,C. Wallace,0,0,0,,0,,,0,h,SUB: Dort FOR Wallace,Substitution,,0,0,237
237,0042400407,336,PT01M28.00S,2,1610612754,IND,1630174,Nesmith,A. Nesmith,0,0,0,,0,,,0,v,SUB: McConnell FOR Nesmith,Substitution,,0,0,238
238,0042400407,339,PT01M28.00S,2,1610612754,IND,1627783,Siakam,P. Siakam,0,0,0,,0,42,45,87,v,Siakam Free Throw 2 of 2 (10 PTS),Free Throw,Free Throw 2 of 2,1,0,239
239,0042400407,340,PT01M07.00S,2,1610612760,OKC,1628983,Gilgeous-Alexander,S. Gilgeous-Alexander,-228,117,26,Missed,1,,,0,h,MISS Gilgeous-Alexander 26' 3PT Step Back Jump Shot,Missed Shot,Step Back Jump shot,1,3,240
240,0042400407,341,PT01M03.00S,2,1610612754,IND,1627783,Siakam,P. Siakam,0,0,0,,0,,,0,v,Siakam REBOUND (Off:0 Def:2),Rebound,Unknown,1,0,241
241,0042400407,342,PT00M49.90S,2,1610612754,IND,1629614,Nembhard,A. Nembhard,-53,143,15,Missed,1,,,0,v,MISS Nembhard 15' Step Back Jump Shot,Missed Shot,Step Back Jump shot,1,2,242
242,0042400407,343,PT00M46.00S,2,1610612760,OKC,1631114,Williams,J. Williams,0,0,0,,0,,,0,h,Jal. Williams REBOUND (Off:0 Def:2),Rebound,Unknown,1,0,243
243,0042400407,344,PT00M39.20S,2,1610612760,OKC,1628392,Hartenstein,I. Hartenstein,-13,29,3,Made,1,44,45,89,h,Hartenstein 3' Cutting Layup Shot (4 PTS) (Gilgeous-Alexander 7 AST),Made Shot,Cutting Layup Shot,1,2,244
244,0042400407,346,PT00M39.20S,2,1610612754,IND,1630167,Toppin,O. Toppin,0,0,0,,0,,,0,v,Toppin S.FOUL (P1.PN) (J.Capers),Foul,Shooting,1,0,245
245,0042400407,348,PT00M39.20S,2,1610612760,OKC,1631114,Williams,J. Williams,0,0,0,,0,,,0,h,SUB: Wiggins FOR Jal. Williams,Substitution,,0,0,246
246,0042400407,350,PT00M39.20S,2,1610612760,OKC,1628392,Hartenstein,I. Hartenstein,0,0,0,,0,45,45,90,h,Hartenstein Free Throw 1 of 1 (5 PTS),Free Throw,Free Throw 1 of 1,1,0,247
247,0042400407,351,PT00M37.10S,2,1610612754,IND,1631097,Mathurin,B. Mathurin,0,0,0,,0,,,0,v,Mathurin OFF.Foul (P1) (S.Wright),Foul,Offensive,1,0,248
248,0042400407,353,PT00M37.10S,2,1610612754,IND,1631097,Mathurin,B. Mathurin,0,0,0,,0,,,0,v,Mathurin Offensive Foul Turnover (P1.T9),Turnover,Offensive Foul Turnover,1,0,249
249,0042400407,354,PT00M37.10S,2,1610612760,OKC,1628392,Hartenstein,I. Hartenstein,0,0,0,,0,,,0,h,SUB: Holmgren FOR Hartenstein,Substitution,,0,0,250
250,0042400407,356,PT00M24.50S,2,1610612754,IND,1629614,Nembhard,A. Nembhard,0,0,0,,0,,,0,v,Nembhard S.FOUL (P2.PN) (J.Tiven),Foul,Shooting,1,0,251
251,0042400407,358,PT00M24.50S,2,1610612760,OKC,1628983,Gilgeous-Alexander,S. Gilgeous-Alexander,0,0,0,,0,46,45,91,h,Gilgeous-Alexander Free Throw 1 of 2 (15 PTS),Free Throw,Free Throw 1 of 2,1,0,252
252,0042400407,359,PT00M24.50S,2,1610612754,IND,204456,McConnell,T. McConnell,0,0,0,,0,,,0,v,SUB: Nesmith FOR McConnell,Substitution,,0,0,253
253,0042400407,361,PT00M24.50S,2,1610612760,OKC,1628983,Gilgeous-Alexander,S. Gilgeous-Alexander,0,0,0,,0,47,45,92,h,Gilgeous-Alexander Free Throw 2 of 2 (16 PTS),Free Throw,Free Throw 2 of 2,1,0,254
254,0042400407,362,PT00M04.30S,2,1610612754,IND,1629614,Nembhard,A. Nembhard,-180,178,25,Made,1,47,48,95,v,Nembhard 25' 3PT Step Back Jump Shot (9 PTS),Made Shot,Step Back Jump shot,1,3,255
255,0042400407,363,PT00M00.80S,2,1610612760,OKC,1628983,Gilgeous-Alexander,S. Gilgeous-Alexander,174,443,48,Missed,1,,,0,h,MISS Gilgeous-Alexander 48' 3PT Pullup Jump Shot,Missed Shot,Pullup Jump shot,1,3,256
256,0042400407,364,PT00M00.80S,2,0,,1610612760,,,0,0,0,,0,,,0,h,THUNDER Rebound,Rebound,Unknown,0,0,257
257,0042400407,365,PT00M00.00S,2,0,,0,,,0,0,0,,0,47,48,95,,End of 2nd Period (9:12 PM EST),period,end,1,0,258
258,0042400407,371,PT12M00.00S,3,0,,0,,,0,0,0,,0,47,48,95,,Start of 3rd Period (9:30 PM EST),period,start,0,0,259
259,0042400407,372,PT11M37.00S,3,1610612760,OKC,1628983,Gilgeous-Alexander,S. Gilgeous-Alexander,-49,251,26,Missed,1,,,0,h,MISS Gilgeous-Alexander 26' 3PT Pullup Jump Shot,Missed Shot,Pullup Jump shot,1,3,260
260,0042400407,373,PT11M35.00S,3,0,,1610612760,,,0,0,0,,0,,,0,h,THUNDER Rebound,Rebound,Unknown,0,0,261
261,0042400407,375,PT11M33.00S,3,1610612760,OKC,1628983,Gilgeous-Alexander,S. Gilgeous-Alexander,-221,62,0,Missed,1,,,0,h,MISS Gilgeous-Alexander 3PT Jump Shot,Missed Shot,Jump Shot,1,3,262
262,0042400407,376,PT11M31.00S,3,1610612760,OKC,1631096,Holmgren,C. Holmgren,0,0,0,,0,,,0,h,Holmgren REBOUND (Off:1 Def:4),Rebound,Unknown,1,0,263
263,0042400407,377,PT11M30.00S,3,1610612760,OKC,1631096,Holmgren,C. Holmgren,-22,1,2,Made,1,49,48,97,h,Holmgren 2' Putback Layup (7 PTS),Made Shot,Putback Layup Shot,1,2,264
264,0042400407,378,PT11M14.00S,3,1610612754,IND,1629614,Nembhard,A. Nembhard,0,0,0,,0,,,0,v,Nembhard Out of Bounds Lost Ball Turnover (P1.T10),Turnover,Out of Bounds Lost Ball Turnover,1,0,265
265,0042400407,379,PT11M02.00S,3,1610612760,OKC,1631114,Williams,J. Williams,96,226,25,Missed,1,,,0,h,MISS Jal. Williams 25' 3PT Jump Shot,Missed Shot,Jump Shot,1,3,266
266,0042400407,380,PT10M59.00S,3,1610612760,OKC,1629652,Dort,L. Dort,0,0,0,,0,,,0,h,Dort REBOUND (Off:1 Def:3),Rebound,Unknown,1,0,267
267,0042400407,381,PT10M46.00S,3,1610612760,OKC,1629652,Dort,L. Dort,-51,268,27,Made,1,52,48,100,h,Dort 27' 3PT Pullup Jump Shot (8 PTS),Made Shot,Pullup Jump shot,1,3,268
268,0042400407,382,PT10M34.00S,3,1610612754,IND,1631097,Mathurin,B. Mathurin,58,-9,6,Missed,1,,,0,v,MISS Mathurin 6' Driving Floating Jump Shot,Missed Shot,Driving Floating Jump Shot,1,2,269
269,0042400407,382,PT10M34.00S,3,1610612760,OKC,1631096,Holmgren,C. Holmgren,0,0,0,,0,,,0,h,Holmgren BLOCK (2 BLK),,,1,2,270
270,0042400407,384,PT10M34.00S,3,1610612754,IND,1631097,Mathurin,B. Mathurin,0,0,0,,0,,,0,v,Mathurin REBOUND (Off:3 Def:1),Rebound,Unknown,1,0,271
271,0042400407,385,PT10M30.00S,3,1610612754,IND,1627783,Siakam,P. Siakam,-192,189,27,Made,1,52,51,103,v,Siakam 27' 3PT Jump Shot (13 PTS) (Mathurin 3 AST),Made Shot,Jump Shot,1,3,272
272,0042400407,387,PT10M14.00S,3,1610612754,IND,1630174,Nesmith,A. Nesmith,0,0,0,,0,,,0,v,Nesmith P.FOUL (P3.T1) (J.Capers),Foul,Personal,1,0,273
273,0042400407,389,PT10M00.00S,3,1610612760,OKC,1627936,Caruso,A. Caruso,12,-12,2,Missed,1,,,0,h,MISS Caruso 2' Cutting Layup Shot,Missed Shot,Cutting Layup Shot,1,2,274
274,0042400407,390,PT09M57.00S,3,1610612760,OKC,1627936,Caruso,A. Caruso,0,0,0,,0,,,0,h,Caruso REBOUND (Off:1 Def:1),Rebound,Unknown,1,0,275
275,0042400407,391,PT09M57.00S,3,1610612760,OKC,1627936,Caruso,A. Caruso,0,0,0,Made,1,54,51,105,h,Caruso Tip Layup Shot (10 PTS),Made Shot,Tip Layup Shot,1,2,276
276,0042400407,393,PT09M43.00S,3,1610612754,IND,1629614,Nembhard,A. Nembhard,88,268,28,Missed,1,,,0,v,MISS Nembhard 28' 3PT Pullup Jump Shot,Missed Shot,Pullup Jump shot,1,3,277
277,0042400407,394,PT09M41.00S,3,1610612760,OKC,1631114,Williams,J. Williams,0,0,0,,0,,,0,h,Jal. Williams REBOUND (Off:0 Def:3),Rebound,Unknown,1,0,278
278,0042400407,395,PT09M34.00S,3,1610612760,OKC,1629652,Dort,L. Dort,91,239,26,Missed,1,,,0,h,MISS Dort 26' 3PT Jump Shot,Missed Shot,Jump Shot,1,3,279
279,0042400407,396,PT09M28.00S,3,1610612754,IND,1631097,Mathurin,B. Mathurin,0,0,0,,0,,,0,v,Mathurin REBOUND (Off:3 Def:2),Rebound,Unknown,1,0,280
280,0042400407,397,PT09M25.00S,3,1610612754,IND,1631097,Mathurin,B. Mathurin,0,0,0,,0,,,0,v,Mathurin Lost Ball Turnover (P2.T11),Turnover,Lost Ball,1,0,281
281,0042400407,397,PT09M25.00S,3,1610612760,OKC,1631114,Williams,J. Williams,0,0,0,,0,,,0,h,Jal. Williams STEAL (1 STL),,,1,0,282
282,0042400407,399,PT09M20.00S,3,1610612760,OKC,1631114,Williams,J. Williams,-10,0,1,Made,1,56,51,107,h,Jal. Williams 1' Running Layup (7 PTS),Made Shot,Running Layup Shot,1,2,283
283,0042400407,400,PT09M20.00S,3,0,,1610612754,,,0,0,0,,0,,,0,v,Pacers Timeout: Regular (Reg.3 Short 0),Timeout,Regular,0,0,284
284,0042400407,401,PT09M10.00S,3,1610612754,IND,1631097,Mathurin,B. Mathurin,223,-17,0,Missed,1,,,0,v,MISS Mathurin 3PT Jump Shot,Missed Shot,Jump Shot,1,3,285
285,0042400407,402,PT09M06.00S,3,1610612754,IND,1630174,Nesmith,A. Nesmith,0,0,0,,0,,,0,v,Nesmith REBOUND (Off:1 Def:3),Rebound,Unknown,1,0,286
286,0042400407,403,PT09M04.00S,3,1610612754,IND,1630174,Nesmith,A. Nesmith,-62,59,9,Missed,1,,,0,v,MISS Nesmith 9' Driving Floating Jump Shot,Missed Shot,Driving Floating Jump Shot,1,2,287
287,0042400407,404,PT09M04.00S,3,0,,1610612754,,,0,0,0,,0,,,0,v,Pacers Rebound,Rebound,Unknown,0,0,288
288,0042400407,405,PT09M04.00S,3,1610612760,OKC,1628983,Gilgeous-Alexander,S. Gilgeous-Alexander,0,0,0,,0,,,0,h,Gilgeous-Alexander L.B.FOUL (P1.T1) (J.Capers),Foul,Loose Ball,1,0,289
289,0042400407,407,PT08M54.00S,3,1610612760,OKC,1631096,Holmgren,C. Holmgren,0,0,0,,0,,,0,h,Holmgren S.FOUL (P2.T2) (J.Tiven),Foul,Shooting,1,0,290
290,0042400407,409,PT08M54.00S,3,1610612754,IND,1629614,Nembhard,A. Nembhard,0,0,0,,0,56,52,108,v,Nembhard Free Throw 1 of 2 (10 PTS),Free Throw,Free Throw 1 of 2,1,0,291
291,0042400407,410,PT08M54.00S,3,1610612754,IND,1630174,Nesmith,A. Nesmith,0,0,0,,0,,,0,v,SUB: McConnell FOR Nesmith,Substitution,,0,0,292
292,0042400407,412,PT08M54.00S,3,1610612754,IND,1629614,Nembhard,A. Nembhard,0,0,0,,0,56,53,109,v,Nembhard Free Throw 2 of 2 (11 PTS),Free Throw,Free Throw 2 of 2,1,0,293
293,0042400407,413,PT08M44.00S,3,1610612760,OKC,1631114,Williams,J. Williams,-53,21,6,Missed,1,,,0,h,MISS Jal. Williams 6' Driving Floating Bank Jump Shot,Missed Shot,Driving Floating Bank Jump Shot,1,2,294
294,0042400407,414,PT08M43.00S,3,1610612754,IND,1626167,Turner,M. Turner,0,0,0,,0,,,0,v,Turner REBOUND (Off:1 Def:2),Rebound,Unknown,1,0,295
295,0042400407,415,PT08M32.00S,3,1610612754,IND,1626167,Turner,M. Turner,119,237,27,Made,1,56,56,112,v,Turner 27' 3PT Jump Shot (6 PTS) (Nembhard 3 AST),Made Shot,Jump Shot,1,3,296
296,0042400407,417,PT08M16.00S,3,1610612760,OKC,1628983,Gilgeous-Alexander,S. Gilgeous-Alexander,70,243,25,Made,1,59,56,115,h,Gilgeous-Alexander 25' 3PT Step Back Jump Shot (19 PTS),Made Shot,Step Back Jump shot,1,3,297
297,0042400407,418,PT07M54.00S,3,1610612754,IND,204456,McConnell,T. McConnell,0,0,0,,0,,,0,v,McConnell Bad Pass Turnover (P3.T12),Turnover,Bad Pass,1,0,298
298,0042400407,418,PT07M54.00S,3,1610612760,OKC,1631114,Williams,J. Williams,0,0,0,,0,,,0,h,Jal. Williams STEAL (2 STL),,,1,0,299
299,0042400407,421,PT07M52.00S,3,1610612760,OKC,1627936,Caruso,A. Caruso,0,0,0,,0,,,0,h,SUB: Wallace FOR Caruso,Substitution,,0,0,300
300,0042400407,423,PT07M45.00S,3,1610612760,OKC,1631096,Holmgren,C. Holmgren,130,206,24,Made,1,62,56,118,h,Holmgren 24' 3PT Jump Shot (10 PTS) (Gilgeous-Alexander 8 AST),Made Shot,Jump Shot,1,3,301
301,0042400407,425,PT07M29.00S,3,1610612754,IND,204456,McConnell,T. McConnell,0,0,0,,0,,,0,v,McConnell Bad Pass Turnover (P4.T13),Turnover,Bad Pass,1,0,302
302,0042400407,425,PT07M29.00S,3,1610612760,OKC,1629652,Dort,L. Dort,0,0,0,,0,,,0,h,Dort STEAL (1 STL),,,1,0,303
303,0042400407,427,PT07M16.00S,3,1610612760,OKC,1631114,Williams,J. Williams,-225,84,24,Made,1,65,56,121,h,Jal. Williams 24' 3PT Jump Shot (10 PTS) (Gilgeous-Alexander 9 AST),Made Shot,Jump Shot,1,3,304
304,0042400407,429,PT07M13.00S,3,0,,1610612754,,,0,0,0,,0,,,0,v,Pacers Timeout: Regular (Reg.4 Short 0),Timeout,Regular,0,0,305
305,0042400407,430,PT07M13.00S,3,1610612754,IND,1631097,Mathurin,B. Mathurin,0,0,0,,0,,,0,v,SUB: Toppin FOR Mathurin,Substitution,,0,0,306
306,0042400407,431,PT07M13.00S,3,1610612754,IND,1627783,Siakam,P. Siakam,0,0,0,,0,,,0,v,SUB: Nesmith FOR Siakam,Substitution,,0,0,307
307,0042400407,434,PT06M55.00S,3,1610612754,IND,204456,McConnell,T. McConnell,20,20,3,Made,1,65,58,123,v,McConnell 3' Driving Layup (6 PTS),Made Shot,Driving Layup Shot,1,2,308
308,0042400407,435,PT06M33.00S,3,1610612760,OKC,1628983,Gilgeous-Alexander,S. Gilgeous-Alexander,-12,-11,2,Made,1,67,58,125,h,Gilgeous-Alexander 2' Driving Layup (21 PTS),Made Shot,Driving Layup Shot,1,2,309
309,0042400407,437,PT06M10.00S,3,1610612754,IND,1630167,Toppin,O. Toppin,0,0,0,,0,,,0,v,Toppin Lost Ball Turnover (P3.T14),Turnover,Lost Ball,1,0,310
310,0042400407,437,PT06M10.00S,3,1610612760,OKC,1628983,Gilgeous-Alexander,S. Gilgeous-Alexander,0,0,0,,0,,,0,h,Gilgeous-Alexander STEAL (1 STL),,,1,0,311
311,0042400407,439,PT05M49.00S,3,1610612760,OKC,1631114,Williams,J. Williams,-27,0,3,Missed,1,,,0,h,MISS Jal. Williams 3' Driving Finger Roll Layup,Missed Shot,Driving Finger Roll Layup Shot,1,2,312
312,0042400407,440,PT05M46.00S,3,1610612754,IND,1626167,Turner,M. Turner,0,0,0,,0,,,0,v,Turner REBOUND (Off:1 Def:3),Rebound,Unknown,1,0,313
313,0042400407,441,PT05M38.00S,3,1610612754,IND,204456,McConnell,T. McConnell,7,11,1,Made,1,67,60,127,v,McConnell 1' Driving Finger Roll Layup (8 PTS) (Nesmith 1 AST),Made Shot,Driving Finger Roll Layup Shot,1,2,314
314,0042400407,443,PT05M23.00S,3,1610612760,OKC,1628983,Gilgeous-Alexander,S. Gilgeous-Alexander,-49,240,24,Missed,1,,,0,h,MISS Gilgeous-Alexander 24' 3PT Step Back Jump Shot,Missed Shot,Step Back Jump shot,1,3,315
315,0042400407,444,PT05M21.00S,3,1610612754,IND,1630167,Toppin,O. Toppin,0,0,0,,0,,,0,v,Toppin REBOUND (Off:0 Def:2),Rebound,Unknown,1,0,316
316,0042400407,445,PT05M08.00S,3,1610612754,IND,204456,McConnell,T. McConnell,15,71,7,Made,1,67,62,129,v,McConnell 7' Pullup Jump Shot (10 PTS),Made Shot,Pullup Jump shot,1,2,317
317,0042400407,447,PT04M56.00S,3,1610612760,OKC,1631096,Holmgren,C. Holmgren,4,6,1,Made,1,69,62,131,h,Holmgren 1' Cutting Dunk Shot (12 PTS) (Gilgeous-Alexander 10 AST),Made Shot,Cutting Dunk Shot,1,2,318
318,0042400407,449,PT04M41.00S,3,1610612754,IND,204456,McConnell,T. McConnell,-13,12,2,Made,1,69,64,133,v,McConnell 2' Driving Layup (12 PTS),Made Shot,Driving Layup Shot,1,2,319
319,0042400407,450,PT04M31.00S,3,1610612754,IND,1626167,Turner,M. Turner,0,0,0,,0,,,0,v,Turner S.FOUL (P1.T2) (J.Capers),Foul,Shooting,1,0,320
320,0042400407,452,PT04M31.00S,3,1610612760,OKC,1628983,Gilgeous-Alexander,S. Gilgeous-Alexander,0,0,0,,0,70,64,134,h,Gilgeous-Alexander Free Throw 1 of 2 (22 PTS),Free Throw,Free Throw 1 of 2,1,0,321
321,0042400407,453,PT04M31.00S,3,1610612760,OKC,1631096,Holmgren,C. Holmgren,0,0,0,,0,,,0,h,SUB: Caruso FOR Holmgren,Substitution,,0,0,322
322,0042400407,454,PT04M31.00S,3,1610612760,OKC,1631114,Williams,J. Williams,0,0,0,,0,,,0,h,SUB: Hartenstein FOR Jal. Williams,Substitution,,0,0,323
323,0042400407,455,PT04M31.00S,3,1610612754,IND,1626167,Turner,M. Turner,0,0,0,,0,,,0,v,SUB: Bradley FOR Turner,Substitution,,0,0,324
324,0042400407,459,PT04M31.00S,3,1610612760,OKC,1628983,Gilgeous-Alexander,S. Gilgeous-Alexander,0,0,0,,0,,,0,h,MISS Gilgeous-Alexander Free Throw 2 of 2,Free Throw,Free Throw 2 of 2,1,0,325
325,0042400407,460,PT04M30.00S,3,0,,1610612754,,,0,0,0,,0,,,0,v,Pacers Rebound,Rebound,Unknown,0,0,326
326,0042400407,462,PT04M18.00S,3,1610612754,IND,1629614,Nembhard,A. Nembhard,-71,79,11,Missed,1,,,0,v,MISS Nembhard 11' Step Back Jump Shot,Missed Shot,Step Back Jump shot,1,2,327
327,0042400407,463,PT04M14.00S,3,1610612760,OKC,1628983,Gilgeous-Alexander,S. Gilgeous-Alexander,0,0,0,,0,,,0,h,Gilgeous-Alexander REBOUND (Off:0 Def:5),Rebound,Unknown,1,0,328
328,0042400407,464,PT04M09.00S,3,1610612760,OKC,1629652,Dort,L. Dort,120,218,25,Missed,1,,,0,h,MISS Dort 25' 3PT Running Pull-Up Jump Shot,Missed Shot,Running Pull-Up Jump Shot,1,3,329
329,0042400407,465,PT04M05.00S,3,1610612760,OKC,1627936,Caruso,A. Caruso,0,0,0,,0,,,0,h,Caruso REBOUND (Off:2 Def:1),Rebound,Unknown,1,0,330
330,0042400407,466,PT04M05.00S,3,1610612760,OKC,1627936,Caruso,A. Caruso,0,0,0,Missed,1,,,0,h,MISS Caruso Tip Dunk Shot,Missed Shot,Tip Dunk Shot,1,2,331
331,0042400407,467,PT04M04.00S,3,1610612754,IND,204456,McConnell,T. McConnell,0,0,0,,0,,,0,v,McConnell REBOUND (Off:0 Def:4),Rebound,Unknown,1,0,332
332,0042400407,468,PT03M54.00S,3,1610612754,IND,204456,McConnell,T. McConnell,119,-16,12,Made,1,70,66,136,v,McConnell 12' Pullup Jump Shot (14 PTS) (Toppin 1 AST),Made Shot,Pullup Jump shot,1,2,333
333,0042400407,470,PT03M38.00S,3,1610612760,OKC,1629652,Dort,L. Dort,230,93,25,Missed,1,,,0,h,MISS Dort 25' 3PT Jump Shot,Missed Shot,Jump Shot,1,3,334
334,0042400407,471,PT03M34.00S,3,1610612754,IND,204456,McConnell,T. McConnell,0,0,0,,0,,,0,v,McConnell REBOUND (Off:0 Def:5),Rebound,Unknown,1,0,335
335,0042400407,472,PT03M19.00S,3,1610612754,IND,1628396,Bradley,T. Bradley,0,0,0,,0,,,0,v,Bradley Out of Bounds - Bad Pass Turnover Turnover (P1.T15),Turnover,Out of Bounds - Bad Pass Turnover,1,0,336
336,0042400407,473,PT03M19.00S,3,1610612760,OKC,1628983,Gilgeous-Alexander,S. Gilgeous-Alexander,0,0,0,,0,,,0,h,SUB: Jal. Williams FOR Gilgeous-Alexander,Substitution,,0,0,337
337,0042400407,474,PT03M19.00S,3,1610612760,OKC,1629652,Dort,L. Dort,0,0,0,,0,,,0,h,SUB: Wiggins FOR Dort,Substitution,,0,0,338
338,0042400407,475,PT03M19.00S,3,1610612754,IND,1629614,Nembhard,A. Nembhard,0,0,0,,0,,,0,v,SUB: Sheppard FOR Nembhard,Substitution,,0,0,339
339,0042400407,479,PT03M00.00S,3,1610612760,OKC,1641717,Wallace,C. Wallace,-227,-34,0,Made,1,73,66,139,h,Wallace 3PT Jump Shot (6 PTS) (Hartenstein 3 AST),Made Shot,Jump Shot,1,3,340
340,0042400407,481,PT02M45.00S,3,1610612754,IND,204456,McConnell,T. McConnell,0,0,0,,0,,,0,v,McConnell Bad Pass Turnover (P5.T16),Turnover,Bad Pass,1,0,341
341,0042400407,481,PT02M45.00S,3,1610612760,OKC,1628392,Hartenstein,I. Hartenstein,0,0,0,,0,,,0,h,Hartenstein STEAL (1 STL),,,1,0,342
342,0042400407,483,PT02M42.00S,3,1610612760,OKC,1641717,Wallace,C. Wallace,5,-13,1,Made,1,75,66,141,h,Wallace 1' Running Layup (8 PTS) (Hartenstein 4 AST),Made Shot,Running Layup Shot,1,2,343
343,0042400407,485,PT02M28.00S,3,1610612760,OKC,1631114,Williams,J. Williams,0,0,0,,0,,,0,h,Jal. Williams P.FOUL (P3.T3) (J.Capers),Foul,Personal,1,0,344
344,0042400407,487,PT02M28.00S,3,1610612754,IND,1630174,Nesmith,A. Nesmith,0,0,0,,0,,,0,v,SUB: Mathurin FOR Nesmith,Substitution,,0,0,345
345,0042400407,489,PT02M28.00S,3,1610612754,IND,1628396,Bradley,T. Bradley,0,0,0,,0,,,0,v,SUB: Bryant FOR Bradley,Substitution,,0,0,346
346,0042400407,491,PT02M23.00S,3,1610612754,IND,1628418,Bryant,T. Bryant,80,265,28,Missed,1,,,0,v,MISS Bryant 28' 3PT Jump Shot,Missed Shot,Jump Shot,1,3,347
347,0042400407,492,PT02M20.00S,3,1610612754,IND,1631097,Mathurin,B. Mathurin,0,0,0,,0,,,0,v,Mathurin REBOUND (Off:4 Def:2),Rebound,Unknown,1,0,348
348,0042400407,494,PT02M20.00S,3,0,,1610612754,,,0,0,0,,0,,,0,v,Pacers Turnover: 5 Second Violation (T#17),Turnover,5 Second Violation,1,0,349
349,0042400407,495,PT02M02.00S,3,1610612760,OKC,1631114,Williams,J. Williams,-12,-8,1,Made,1,77,66,143,h,Jal. Williams 1' Driving Finger Roll Layup (12 PTS),Made Shot,Driving Finger Roll Layup Shot,1,2,350
350,0042400407,496,PT01M56.00S,3,0,,1610612754,,,0,0,0,,0,,,0,v,Pacers Timeout: Regular (Reg.5 Short 0),Timeout,Regular,0,0,351
351,0042400407,497,PT01M56.00S,3,1610612754,IND,1630167,Toppin,O. Toppin,0,0,0,,0,,,0,v,SUB: Siakam FOR Toppin,Substitution,,0,0,352
352,0042400407,498,PT01M56.00S,3,1610612754,IND,1628418,Bryant,T. Bryant,0,0,0,,0,,,0,v,SUB: Turner FOR Bryant,Substitution,,0,0,353
353,0042400407,501,PT01M46.00S,3,1610612754,IND,204456,McConnell,T. McConnell,88,142,17,Made,1,77,68,145,v,McConnell 17' Pullup Jump Shot (16 PTS),Made Shot,Pullup Jump shot,1,2,354
354,0042400407,502,PT01M27.00S,3,1610612760,OKC,1631114,Williams,J. Williams,-28,177,18,Made,1,79,68,147,h,Jal. Williams 18' Step Back Jump Shot (14 PTS),Made Shot,Step Back Jump shot,1,2,355
355,0042400407,503,PT01M17.00S,3,1610612760,OKC,1631114,Williams,J. Williams,0,0,0,,0,,,0,h,Jal. Williams P.FOUL (P4.T4) (J.Capers),Foul,Personal,1,0,356
356,0042400407,505,PT01M10.00S,3,1610612754,IND,1641767,Sheppard,B. Sheppard,-227,120,26,Missed,1,,,0,v,MISS Sheppard 26' 3PT Jump Shot,Missed Shot,Jump Shot,1,3,357
357,0042400407,506,PT01M07.00S,3,1610612760,OKC,1628392,Hartenstein,I. Hartenstein,0,0,0,,0,,,0,h,Hartenstein REBOUND (Off:2 Def:5),Rebound,Unknown,1,0,358
358,0042400407,507,PT00M56.50S,3,1610612760,OKC,1631114,Williams,J. Williams,-103,142,18,Missed,1,,,0,h,MISS Jal. Williams 18' Pullup Jump Shot,Missed Shot,Pullup Jump shot,1,2,359
359,0042400407,508,PT00M54.50S,3,1610612754,IND,1631097,Mathurin,B. Mathurin,0,0,0,,0,,,0,v,Mathurin REBOUND (Off:4 Def:3),Rebound,Unknown,1,0,360
360,0042400407,509,PT00M44.10S,3,1610612754,IND,204456,McConnell,T. McConnell,42,20,5,Missed,1,,,0,v,MISS McConnell 5' Driving Layup,Missed Shot,Driving Layup Shot,1,2,361
361,0042400407,510,PT00M42.70S,3,1610612760,OKC,1628392,Hartenstein,I. Hartenstein,0,0,0,,0,,,0,h,Hartenstein REBOUND (Off:2 Def:6),Rebound,Unknown,1,0,362
362,0042400407,511,PT00M35.70S,3,0,,1610612760,,,0,0,0,,0,,,0,h,THUNDER Timeout: Regular (Full 3 Short 0),Timeout,Regular,0,0,363
363,0042400407,512,PT00M35.70S,3,1610612760,OKC,1631114,Williams,J. Williams,0,0,0,,0,,,0,h,SUB: Gilgeous-Alexander FOR Jal. Williams,Substitution,,0,0,364
364,0042400407,513,PT00M35.70S,3,1610612754,IND,204456,McConnell,T. McConnell,0,0,0,,0,,,0,v,SUB: Nembhard FOR McConnell,Substitution,,0,0,365
365,0042400407,516,PT00M30.70S,3,1610612760,OKC,1628983,Gilgeous-Alexander,S. Gilgeous-Alexander,85,120,15,Missed,1,,,0,h,MISS Gilgeous-Alexander 15' Pullup Jump Shot,Missed Shot,Pullup Jump shot,1,2,366
366,0042400407,517,PT00M29.00S,3,1610612760,OKC,1628392,Hartenstein,I. Hartenstein,0,0,0,,0,,,0,h,Hartenstein REBOUND (Off:3 Def:6),Rebound,Unknown,1,0,367
367,0042400407,518,PT00M29.00S,3,1610612760,OKC,1628392,Hartenstein,I. Hartenstein,0,0,0,Made,1,81,68,149,h,Hartenstein Tip Layup Shot (7 PTS),Made Shot,Tip Layup Shot,1,2,368
368,0042400407,519,PT00M05.70S,3,1610612754,IND,1627783,Siakam,P. Siakam,80,221,24,Missed,1,,,0,v,MISS Siakam 24' Pullup Jump Shot,Missed Shot,Pullup Jump shot,1,2,369
369,0042400407,519,PT00M05.70S,3,1610612760,OKC,1627936,Caruso,A. Caruso,0,0,0,,0,,,0,h,Caruso BLOCK (1 BLK),,,1,2,370
370,0042400407,521,PT00M01.80S,3,1610612760,OKC,1630598,Wiggins,A. Wiggins,0,0,0,,0,,,0,h,Wiggins REBOUND (Off:0 Def:1),Rebound,Unknown,1,0,371
371,0042400407,522,PT00M00.20S,3,1610612760,OKC,1628983,Gilgeous-Alexander,S. Gilgeous-Alexander,186,463,50,Missed,1,,,0,h,MISS Gilgeous-Alexander 50' 3PT Pullup Jump Shot,Missed Shot,Pullup Jump shot,1,3,372
372,0042400407,523,PT00M00.10S,3,0,,1610612760,,,0,0,0,,0,,,0,h,THUNDER Rebound,Rebound,Unknown,0,0,373
373,0042400407,524,PT00M00.00S,3,0,,0,,,0,0,0,,0,81,68,149,,End of 3rd Period (10:00 PM EST),period,end,1,0,374
374,0042400407,533,PT12M00.00S,4,0,,0,,,0,0,0,,0,81,68,149,,Start of 4th Period (10:03 PM EST),period,start,0,0,375
375,0042400407,534,PT11M49.00S,4,1610612754,IND,1629614,Nembhard,A. Nembhard,16,20,3,Missed,1,,,0,v,MISS Nembhard 3' Driving Layup,Missed Shot,Driving Layup Shot,1,2,376
376,0042400407,536,PT11M46.00S,4,1610612754,IND,1631097,Mathurin,B. Mathurin,0,0,0,,0,,,0,v,Mathurin REBOUND (Off:5 Def:3),Rebound,Unknown,0,0,377
377,0042400407,537,PT11M42.00S,4,1610612754,IND,1630167,Toppin,O. Toppin,-181,207,27,Missed,1,,,0,v,MISS Toppin 27' 3PT Jump Shot,Missed Shot,Jump Shot,1,3,378
378,0042400407,538,PT11M39.00S,4,0,,1610612760,,,0,0,0,,0,,,0,h,THUNDER Rebound,Rebound,Unknown,0,0,379
379,0042400407,540,PT11M22.00S,4,1610612760,OKC,1628983,Gilgeous-Alexander,S. Gilgeous-Alexander,94,236,25,Made,1,84,68,152,h,Gilgeous-Alexander 25' 3PT Step Back Jump Shot (25 PTS),Made Shot,Step Back Jump shot,1,3,380
380,0042400407,544,PT11M05.00S,4,1610612754,IND,1630174,Nesmith,A. Nesmith,0,0,0,,0,,,0,v,Nesmith Out of Bounds Lost Ball Turnover (P1.T18),Turnover,Out of Bounds Lost Ball Turnover,1,0,381
381,0042400407,542,PT11M05.00S,4,0,,1610612760,,,0,0,0,,0,,,0,h,THUNDER Timeout: Regular (Full 4 Short 0),Timeout,Regular,0,0,382
382,0042400407,543,PT11M05.00S,4,0,,541,,,0,0,0,,0,84,68,152,,Instant Replay4th Period (10:05 PM EST),Instant Replay,Coach Challenge Overturn Ruling,1,0,383
383,0042400407,545,PT11M05.00S,4,1610612754,IND,1630167,Toppin,O. Toppin,0,0,0,,0,,,0,v,SUB: McConnell FOR Toppin,Substitution,,0,0,384
384,0042400407,547,PT10M46.00S,4,1610612760,OKC,1628983,Gilgeous-Alexander,S. Gilgeous-Alexander,-145,9,15,Missed,1,,,0,h,MISS Gilgeous-Alexander 15' Jump Shot,Missed Shot,Jump Shot,1,2,385
385,0042400407,548,PT10M44.00S,4,1610612754,IND,1630174,Nesmith,A. Nesmith,0,0,0,,0,,,0,v,Nesmith REBOUND (Off:1 Def:4),Rebound,Unknown,1,0,386
386,0042400407,549,PT10M30.00S,4,1610612754,IND,1627783,Siakam,P. Siakam,88,248,26,Missed,1,,,0,v,MISS Siakam 26' 3PT Jump Shot,Missed Shot,Jump Shot,1,3,387
387,0042400407,550,PT10M27.00S,4,0,,1610612760,,,0,0,0,,0,,,0,h,THUNDER Rebound,Rebound,Unknown,0,0,388
388,0042400407,551,PT10M27.00S,4,1610612754,IND,1630174,Nesmith,A. Nesmith,0,0,0,,0,,,0,v,Nesmith L.B.FOUL (P4.T1) (J.Capers),Foul,Loose Ball,1,0,389
389,0042400407,553,PT10M09.00S,4,1610612760,OKC,1630598,Wiggins,A. Wiggins,-99,251,27,Missed,1,,,0,h,MISS Wiggins 27' 3PT Jump Shot,Missed Shot,Jump Shot,1,3,390
390,0042400407,554,PT10M05.00S,4,1610612754,IND,1630174,Nesmith,A. Nesmith,0,0,0,,0,,,0,v,Nesmith REBOUND (Off:1 Def:5),Rebound,Unknown,1,0,391
391,0042400407,555,PT09M55.00S,4,1610612760,OKC,1628983,Gilgeous-Alexander,S. Gilgeous-Alexander,0,0,0,,0,,,0,h,Gilgeous-Alexander P.FOUL (P2.T1) (S.Wright),Foul,Personal,1,0,392
392,0042400407,557,PT09M50.00S,4,1610612760,OKC,1629652,Dort,L. Dort,0,0,0,,0,,,0,h,Dort P.FOUL (P2.T2) (J.Capers),Foul,Personal,1,0,393
393,0042400407,559,PT09M50.00S,4,1610612760,OKC,1627936,Caruso,A. Caruso,0,0,0,,0,,,0,h,SUB: Jal. Williams FOR Caruso,Substitution,,0,0,394
394,0042400407,561,PT09M50.00S,4,1610612760,OKC,1630598,Wiggins,A. Wiggins,0,0,0,,0,,,0,h,SUB: Wallace FOR Wiggins,Substitution,,0,0,395
395,0042400407,563,PT09M41.00S,4,1610612754,IND,1630174,Nesmith,A. Nesmith,-190,181,26,Missed,1,,,0,v,MISS Nesmith 26' 3PT Pullup Jump Shot,Missed Shot,Pullup Jump shot,1,3,396
396,0042400407,563,PT09M41.00S,4,1610612760,OKC,1628983,Gilgeous-Alexander,S. Gilgeous-Alexander,0,0,0,,0,,,0,h,Gilgeous-Alexander BLOCK (2 BLK),,,1,3,397
397,0042400407,565,PT09M37.00S,4,1610612754,IND,1627783,Siakam,P. Siakam,0,0,0,,0,,,0,v,Siakam REBOUND (Off:1 Def:2),Rebound,Unknown,1,0,398
398,0042400407,566,PT09M36.00S,4,1610612754,IND,1627783,Siakam,P. Siakam,-65,74,10,Missed,1,,,0,v,MISS Siakam 10' Turnaround Fadeaway Bank Jump Shot,Missed Shot,Turnaround Fadeaway Bank Jump Shot,1,2,399
399,0042400407,567,PT09M34.00S,4,1610612760,OKC,1631096,Holmgren,C. Holmgren,0,0,0,,0,,,0,h,Holmgren REBOUND (Off:1 Def:5),Rebound,Unknown,1,0,400
400,0042400407,568,PT09M15.00S,4,1610612760,OKC,1641717,Wallace,C. Wallace,17,4,2,Made,1,86,68,154,h,Wallace 2' Layup (10 PTS) (Gilgeous-Alexander 11 AST),Made Shot,Layup Shot,1,2,401
401,0042400407,570,PT08M55.00S,4,1610612754,IND,1630174,Nesmith,A. Nesmith,10,11,1,Missed,1,,,0,v,MISS Nesmith 1' Reverse Layup,Missed Shot,Reverse Layup Shot,1,2,402
402,0042400407,570,PT08M55.00S,4,1610612760,OKC,1631096,Holmgren,C. Holmgren,0,0,0,,0,,,0,h,Holmgren BLOCK (3 BLK),,,1,2,403
403,0042400407,572,PT08M53.00S,4,1610612760,OKC,1629652,Dort,L. Dort,0,0,0,,0,,,0,h,Dort REBOUND (Off:1 Def:4),Rebound,Unknown,1,0,404
404,0042400407,573,PT08M41.00S,4,1610612760,OKC,1628983,Gilgeous-Alexander,S. Gilgeous-Alexander,65,237,25,Missed,1,,,0,h,MISS Gilgeous-Alexander 25' 3PT Pullup Jump Shot,Missed Shot,Pullup Jump shot,1,3,405
405,0042400407,574,PT08M37.00S,4,1610612760,OKC,1641717,Wallace,C. Wallace,0,0,0,,0,,,0,h,Wallace REBOUND (Off:2 Def:0),Rebound,Unknown,1,0,406
406,0042400407,575,PT08M29.00S,4,1610612760,OKC,1631114,Williams,J. Williams,-214,114,24,Made,1,89,68,157,h,Jal. Williams 24' 3PT Jump Shot (17 PTS) (Gilgeous-Alexander 12 AST),Made Shot,Jump Shot,1,3,407
407,0042400407,577,PT08M27.00S,4,0,,1610612754,,,0,0,0,,0,,,0,v,Pacers Timeout: Regular (Reg.6 Short 0),Timeout,Regular,0,0,408
408,0042400407,578,PT08M27.00S,4,1610612754,IND,1631097,Mathurin,B. Mathurin,0,0,0,,0,,,0,v,SUB: Toppin FOR Mathurin,Substitution,,0,0,409
409,0042400407,579,PT08M27.00S,4,1610612754,IND,1627783,Siakam,P. Siakam,0,0,0,,0,,,0,v,SUB: Turner FOR Siakam,Substitution,,0,0,410
410,0042400407,582,PT08M19.00S,4,1610612754,IND,1626167,Turner,M. Turner,0,0,0,,0,,,0,v,Turner OFF.Foul (P2) (J.Capers),Foul,Offensive,1,0,411
411,0042400407,584,PT08M19.00S,4,1610612754,IND,1626167,Turner,M. Turner,0,0,0,,0,,,0,v,Turner Offensive Foul Turnover (P1.T19),Turnover,Offensive Foul Turnover,1,0,412
412,0042400407,586,PT07M58.00S,4,1610612760,OKC,1628983,Gilgeous-Alexander,S. Gilgeous-Alexander,-134,143,20,Missed,1,,,0,h,MISS Gilgeous-Alexander 20' Step Back Jump Shot,Missed Shot,Step Back Jump shot,1,2,413
413,0042400407,587,PT07M55.00S,4,1610612760,OKC,1629652,Dort,L. Dort,0,0,0,,0,,,0,h,Dort REBOUND (Off:2 Def:4),Rebound,Unknown,1,0,414
414,0042400407,588,PT07M45.00S,4,1610612760,OKC,1631114,Williams,J. Williams,192,194,27,Missed,1,,,0,h,MISS Jal. Williams 27' 3PT Jump Shot,Missed Shot,Jump Shot,1,3,415
415,0042400407,589,PT07M42.00S,4,1610612760,OKC,1631096,Holmgren,C. Holmgren,0,0,0,,0,,,0,h,Holmgren REBOUND (Off:2 Def:5),Rebound,Unknown,1,0,416
416,0042400407,590,PT07M41.00S,4,1610612754,IND,1626167,Turner,M. Turner,0,0,0,,0,,,0,v,Turner S.FOUL (P3.T2) (J.Tiven),Foul,Shooting,1,0,417
417,0042400407,592,PT07M41.00S,4,1610612760,OKC,1631096,Holmgren,C. Holmgren,0,0,0,,0,90,68,158,h,Holmgren Free Throw 1 of 2 (13 PTS),Free Throw,Free Throw 1 of 2,1,0,418
418,0042400407,593,PT07M41.00S,4,1610612760,OKC,1629652,Dort,L. Dort,0,0,0,,0,,,0,h,SUB: Caruso FOR Dort,Substitution,,0,0,419
419,0042400407,594,PT07M41.00S,4,1610612754,IND,1626167,Turner,M. Turner,0,0,0,,0,,,0,v,SUB: Siakam FOR Turner,Substitution,,0,0,420
420,0042400407,597,PT07M41.00S,4,1610612754,IND,1630167,Toppin,O. Toppin,0,0,0,,0,,,0,v,SUB: Mathurin FOR Toppin,Substitution,,0,0,421
421,0042400407,599,PT07M41.00S,4,1610612760,OKC,1631096,Holmgren,C. Holmgren,0,0,0,,0,,,0,h,MISS Holmgren Free Throw 2 of 2,Free Throw,Free Throw 2 of 2,1,0,422
422,0042400407,600,PT07M40.00S,4,1610612754,IND,1629614,Nembhard,A. Nembhard,0,0,0,,0,,,0,v,Nembhard REBOUND (Off:1 Def:4),Rebound,Unknown,1,0,423
423,0042400407,601,PT07M29.00S,4,1610612754,IND,1627783,Siakam,P. Siakam,47,188,19,Made,1,90,70,160,v,Siakam 19' Jump Shot (15 PTS) (Nembhard 4 AST),Made Shot,Jump Shot,1,2,424
424,0042400407,603,PT07M04.00S,4,1610612760,OKC,1628983,Gilgeous-Alexander,S. Gilgeous-Alexander,0,0,0,,0,,,0,h,Gilgeous-Alexander Bad Pass Turnover (P1.T6),Turnover,Bad Pass,1,0,425
425,0042400407,603,PT07M04.00S,4,1610612754,IND,1631097,Mathurin,B. Mathurin,0,0,0,,0,,,0,v,Mathurin STEAL (1 STL),,,1,0,426
426,0042400407,605,PT07M04.00S,4,1610612760,OKC,1627936,Caruso,A. Caruso,0,0,0,,0,,,0,h,Caruso P.FOUL (P2.T3) (J.Capers),Foul,Personal,1,0,427
427,0042400407,607,PT06M56.00S,4,1610612760,OKC,1628983,Gilgeous-Alexander,S. Gilgeous-Alexander,0,0,0,,0,,,0,h,Gilgeous-Alexander S.FOUL (P3.T4) (J.Tiven),Foul,Shooting,1,0,428
428,0042400407,609,PT06M56.00S,4,1610612754,IND,1627783,Siakam,P. Siakam,0,0,0,,0,90,71,161,v,Siakam Free Throw 1 of 2 (16 PTS),Free Throw,Free Throw 1 of 2,1,0,429
429,0042400407,610,PT06M56.00S,4,1610612754,IND,204456,McConnell,T. McConnell,0,0,0,,0,,,0,v,SUB: Sheppard FOR McConnell,Substitution,,0,0,430
430,0042400407,612,PT06M56.00S,4,1610612754,IND,1627783,Siakam,P. Siakam,0,0,0,,0,,,0,v,MISS Siakam Free Throw 2 of 2,Free Throw,Free Throw 2 of 2,1,0,431
431,0042400407,613,PT06M55.00S,4,1610612754,IND,1631097,Mathurin,B. Mathurin,0,0,0,,0,,,0,v,Mathurin REBOUND (Off:6 Def:3),Rebound,Unknown,1,0,432
432,0042400407,614,PT06M54.00S,4,1610612754,IND,1631097,Mathurin,B. Mathurin,-80,64,10,Missed,1,,,0,v,MISS Mathurin 10' Putback Layup,Missed Shot,Putback Layup Shot,1,2,433
433,0042400407,614,PT06M54.00S,4,1610612760,OKC,1631096,Holmgren,C. Holmgren,0,0,0,,0,,,0,h,Holmgren BLOCK (4 BLK),,,1,2,434
434,0042400407,616,PT06M51.00S,4,1610612754,IND,1641767,Sheppard,B. Sheppard,0,0,0,,0,,,0,v,Sheppard REBOUND (Off:1 Def:1),Rebound,Unknown,1,0,435
435,0042400407,617,PT06M50.00S,4,1610612754,IND,1627783,Siakam,P. Siakam,-178,193,26,Missed,1,,,0,v,MISS Siakam 26' 3PT Jump Shot,Missed Shot,Jump Shot,1,3,436
436,0042400407,618,PT06M48.00S,4,1610612760,OKC,1631114,Williams,J. Williams,0,0,0,,0,,,0,h,Jal. Williams REBOUND (Off:0 Def:4),Rebound,Unknown,1,0,437
437,0042400407,619,PT06M48.00S,4,1610612754,IND,1631097,Mathurin,B. Mathurin,0,0,0,,0,,,0,v,Mathurin P.FOUL (P2.T3) (J.Capers),Foul,Personal,1,0,438
438,0042400407,621,PT06M32.00S,4,1610612760,OKC,1628983,Gilgeous-Alexander,S. Gilgeous-Alexander,-10,158,16,Missed,1,,,0,h,MISS Gilgeous-Alexander 16' Pullup Jump Shot,Missed Shot,Pullup Jump shot,1,2,439
439,0042400407,622,PT06M28.00S,4,1610612754,IND,1641767,Sheppard,B. Sheppard,0,0,0,,0,,,0,v,Sheppard REBOUND (Off:1 Def:2),Rebound,Unknown,1,0,440
440,0042400407,624,PT06M19.00S,4,1610612760,OKC,1631096,Holmgren,C. Holmgren,0,0,0,,0,,,0,h,Holmgren S.FOUL (P3.PN) (J.Capers),Foul,Shooting,1,0,441
441,0042400407,626,PT06M19.00S,4,1610612754,IND,1631097,Mathurin,B. Mathurin,0,0,0,,0,90,72,162,v,Mathurin Free Throw 1 of 2 (9 PTS),Free Throw,Free Throw 1 of 2,1,0,442
442,0042400407,627,PT06M19.00S,4,1610612760,OKC,1631096,Holmgren,C. Holmgren,0,0,0,,0,,,0,h,SUB: Hartenstein FOR Holmgren,Substitution,,0,0,443
443,0042400407,628,PT06M19.00S,4,1610612760,OKC,1641717,Wallace,C. Wallace,0,0,0,,0,,,0,h,SUB: Dort FOR Wallace,Substitution,,0,0,444
444,0042400407,631,PT06M19.00S,4,1610612754,IND,1631097,Mathurin,B. Mathurin,0,0,0,,0,90,73,163,v,Mathurin Free Throw 2 of 2 (10 PTS),Free Throw,Free Throw 2 of 2,1,0,445
445,0042400407,632,PT06M01.00S,4,1610612760,OKC,1631114,Williams,J. Williams,0,0,0,,0,,,0,h,Jal. Williams Lost Ball Turnover (P1.T7),Turnover,Lost Ball,1,0,446
446,0042400407,632,PT06M01.00S,4,1610612754,IND,1627783,Siakam,P. Siakam,0,0,0,,0,,,0,v,Siakam STEAL (1 STL),,,1,0,447
447,0042400407,634,PT05M57.00S,4,1610612760,OKC,1628983,Gilgeous-Alexander,S. Gilgeous-Alexander,0,0,0,,0,,,0,h,Gilgeous-Alexander S.FOUL (P4.PN) (J.Tiven),Foul,Shooting,1,0,448
448,0042400407,636,PT05M57.00S,4,1610612754,IND,1631097,Mathurin,B. Mathurin,0,0,0,,0,90,74,164,v,Mathurin Free Throw 1 of 2 (11 PTS),Free Throw,Free Throw 1 of 2,1,0,449
449,0042400407,637,PT05M57.00S,4,1610612754,IND,1631097,Mathurin,B. Mathurin,0,0,0,,0,90,75,165,v,Mathurin Free Throw 2 of 2 (12 PTS),Free Throw,Free Throw 2 of 2,1,0,450
450,0042400407,638,PT05M50.00S,4,1610612754,IND,1627783,Siakam,P. Siakam,0,0,0,,0,,,0,v,Siakam S.FOUL (P1.T4) (J.Tiven),Foul,Shooting,1,0,451
451,0042400407,640,PT05M50.00S,4,0,,638,,,0,0,0,,0,90,75,165,,Instant Replay4th Period (10:25 PM EST),Instant Replay,Ruling Stands,0,0,452
452,0042400407,641,PT05M50.00S,4,1610612760,OKC,1629652,Dort,L. Dort,0,0,0,,0,91,75,166,h,Dort Free Throw 1 of 2 (9 PTS),Free Throw,Free Throw 1 of 2,1,0,453
453,0042400407,642,PT05M50.00S,4,1610612760,OKC,1628983,Gilgeous-Alexander,S. Gilgeous-Alexander,0,0,0,,0,,,0,h,SUB: Wallace FOR Gilgeous-Alexander,Substitution,,0,0,454
454,0042400407,644,PT05M50.00S,4,1610612760,OKC,1629652,Dort,L. Dort,0,0,0,,0,,,0,h,MISS Dort Free Throw 2 of 2,Free Throw,Free Throw 2 of 2,1,0,455
455,0042400407,645,PT05M48.00S,4,1610612754,IND,1631097,Mathurin,B. Mathurin,0,0,0,,0,,,0,v,Mathurin REBOUND (Off:6 Def:4),Rebound,Unknown,1,0,456
456,0042400407,646,PT05M43.00S,4,1610612760,OKC,1629652,Dort,L. Dort,0,0,0,,0,,,0,h,Dort S.FOUL (P3.PN) (J.Tiven),Foul,Shooting,1,0,457
457,0042400407,648,PT05M43.00S,4,1610612754,IND,1631097,Mathurin,B. Mathurin,0,0,0,,0,91,76,167,v,Mathurin Free Throw 1 of 2 (13 PTS),Free Throw,Free Throw 1 of 2,1,0,458
458,0042400407,649,PT05M43.00S,4,1610612760,OKC,1641717,Wallace,C. Wallace,0,0,0,,0,,,0,h,SUB: Gilgeous-Alexander FOR Wallace,Substitution,,0,0,459
459,0042400407,651,PT05M43.00S,4,1610612754,IND,1631097,Mathurin,B. Mathurin,0,0,0,,0,91,77,168,v,Mathurin Free Throw 2 of 2 (14 PTS),Free Throw,Free Throw 2 of 2,1,0,460
460,0042400407,652,PT05M20.00S,4,1610612760,OKC,1631114,Williams,J. Williams,119,35,12,Missed,1,,,0,h,MISS Jal. Williams 12' Turnaround Fadeaway Shot,Missed Shot,Turnaround Fadeaway shot,1,2,461
461,0042400407,653,PT05M16.00S,4,1610612760,OKC,1629652,Dort,L. Dort,0,0,0,,0,,,0,h,Dort REBOUND (Off:3 Def:4),Rebound,Unknown,1,0,462
462,0042400407,654,PT05M08.00S,4,1610612760,OKC,1628983,Gilgeous-Alexander,S. Gilgeous-Alexander,-176,178,25,Missed,1,,,0,h,MISS Gilgeous-Alexander 25' 3PT Step Back Jump Shot,Missed Shot,Step Back Jump shot,1,3,463
463,0042400407,655,PT05M03.00S,4,1610612754,IND,1631097,Mathurin,B. Mathurin,0,0,0,,0,,,0,v,Mathurin REBOUND (Off:6 Def:5),Rebound,Unknown,1,0,464
464,0042400407,656,PT04M47.00S,4,1610612754,IND,1631097,Mathurin,B. Mathurin,-6,22,2,Made,1,91,79,170,v,Mathurin 2' Driving Layup (16 PTS) (Nembhard 5 AST),Made Shot,Driving Layup Shot,1,2,465
465,0042400407,658,PT04M45.00S,4,0,,1610612760,,,0,0,0,,0,,,0,h,THUNDER Timeout: Regular (Full 5 Short 0),Timeout,Regular,0,0,466
466,0042400407,659,PT04M45.00S,4,1610612760,OKC,1627936,Caruso,A. Caruso,0,0,0,,0,,,0,h,SUB: Wallace FOR Caruso,Substitution,,0,0,467
467,0042400407,660,PT04M45.00S,4,1610612760,OKC,1628392,Hartenstein,I. Hartenstein,0,0,0,,0,,,0,h,SUB: Holmgren FOR Hartenstein,Substitution,,0,0,468
468,0042400407,661,PT04M45.00S,4,1610612754,IND,1641767,Sheppard,B. Sheppard,0,0,0,,0,,,0,v,SUB: McConnell FOR Sheppard,Substitution,,0,0,469
469,0042400407,665,PT04M34.00S,4,1610612754,IND,1629614,Nembhard,A. Nembhard,0,0,0,,0,,,0,v,Nembhard S.FOUL (P3.PN) (S.Wright),Foul,Shooting,1,0,470
470,0042400407,667,PT04M34.00S,4,1610612760,OKC,1628983,Gilgeous-Alexander,S. Gilgeous-Alexander,0,0,0,,0,92,79,171,h,Gilgeous-Alexander Free Throw 1 of 2 (26 PTS),Free Throw,Free Throw 1 of 2,1,0,471
471,0042400407,668,PT04M34.00S,4,1610612760,OKC,1628983,Gilgeous-Alexander,S. Gilgeous-Alexander,0,0,0,,0,93,79,172,h,Gilgeous-Alexander Free Throw 2 of 2 (27 PTS),Free Throw,Free Throw 2 of 2,1,0,472
472,0042400407,669,PT04M25.00S,4,1610612754,IND,204456,McConnell,T. McConnell,-42,23,5,Missed,1,,,0,v,MISS McConnell 5' Fadeaway Jumper,Missed Shot,Fadeaway Jump Shot,1,2,473
473,0042400407,669,PT04M25.00S,4,1610612760,OKC,1631096,Holmgren,C. Holmgren,0,0,0,,0,,,0,h,Holmgren BLOCK (5 BLK),,,1,2,474
474,0042400407,671,PT04M24.00S,4,1610612760,OKC,1631096,Holmgren,C. Holmgren,0,0,0,,0,,,0,h,Holmgren REBOUND (Off:2 Def:6),Rebound,Unknown,1,0,475
475,0042400407,673,PT04M16.00S,4,1610612760,OKC,1631114,Williams,J. Williams,-16,-1,2,Missed,1,,,0,h,MISS Jal. Williams 2' Driving Layup,Missed Shot,Driving Layup Shot,1,2,476
476,0042400407,673,PT04M16.00S,4,1610612754,IND,1630174,Nesmith,A. Nesmith,0,0,0,,0,,,0,v,Nesmith BLOCK (2 BLK),,,1,2,477
477,0042400407,675,PT04M14.00S,4,1610612754,IND,1627783,Siakam,P. Siakam,0,0,0,,0,,,0,v,Siakam REBOUND (Off:1 Def:3),Rebound,Unknown,1,0,478
478,0042400407,676,PT04M11.00S,4,1610612760,OKC,1628983,Gilgeous-Alexander,S. Gilgeous-Alexander,0,0,0,,0,,,0,h,Gilgeous-Alexander S.FOUL (P5.PN) (S.Wright),Foul,Shooting,1,0,479
479,0042400407,678,PT04M11.00S,4,0,,1610612760,,,0,0,0,,0,,,0,h,THUNDER Timeout: Regular (Full 6 Short 0),Timeout,Regular,0,0,480
480,0042400407,679,PT04M11.00S,4,0,,676,Hamilton,T. Hamilton,0,0,0,,0,93,79,172,,Instant Replay4th Period (10:33 PM EST),Instant Replay,Coach Challenge Ruling Stands,1,0,481
481,0042400407,680,PT04M11.00S,4,1610612760,OKC,1641717,Wallace,C. Wallace,0,0,0,,0,,,0,h,SUB: Caruso FOR Wallace,Substitution,,0,0,482
482,0042400407,682,PT04M11.00S,4,1610612754,IND,1631097,Mathurin,B. Mathurin,0,0,0,,0,93,80,173,v,Mathurin Free Throw 1 of 2 (17 PTS),Free Throw,Free Throw 1 of 2,1,0,483
483,0042400407,683,PT04M11.00S,4,1610612754,IND,1631097,Mathurin,B. Mathurin,0,0,0,,0,93,81,174,v,Mathurin Free Throw 2 of 2 (18 PTS),Free Throw,Free Throw 2 of 2,1,0,484
484,0042400407,684,PT04M11.00S,4,0,,1610612760,,,0,0,0,,0,,,0,h,THUNDER Timeout: Regular (Full 7 Short 0),Timeout,Regular,0,0,485
485,0042400407,685,PT03M52.00S,4,1610612760,OKC,1628983,Gilgeous-Alexander,S. Gilgeous-Alexander,-43,250,25,Missed,1,,,0,h,MISS Gilgeous-Alexander 25' 3PT Step Back Jump Shot,Missed Shot,Step Back Jump shot,1,3,486
486,0042400407,686,PT03M48.00S,4,1610612754,IND,1631097,Mathurin,B. Mathurin,0,0,0,,0,,,0,v,Mathurin REBOUND (Off:6 Def:6),Rebound,Unknown,1,0,487
487,0042400407,687,PT03M33.00S,4,1610612760,OKC,1631096,Holmgren,C. Holmgren,0,0,0,,0,,,0,h,Jump Ball Holmgren vs. Mathurin: Tip to Gilgeous-Alexander,Jump Ball,,1,0,488
488,0042400407,690,PT03M31.00S,4,1610612754,IND,204456,McConnell,T. McConnell,0,0,0,,0,,,0,v,McConnell Lost Ball Turnover (P6.T20),Turnover,Lost Ball,1,0,489
489,0042400407,690,PT03M31.00S,4,1610612760,OKC,1631096,Holmgren,C. Holmgren,0,0,0,,0,,,0,h,Holmgren STEAL (1 STL),,,1,0,490
490,0042400407,692,PT03M09.00S,4,1610612760,OKC,1628983,Gilgeous-Alexander,S. Gilgeous-Alexander,-11,59,6,Missed,1,,,0,h,MISS Gilgeous-Alexander 6' Driving Floating Jump Shot,Missed Shot,Driving Floating Jump Shot,1,2,491
491,0042400407,693,PT03M07.00S,4,1610612754,IND,204456,McConnell,T. McConnell,0,0,0,,0,,,0,v,McConnell REBOUND (Off:0 Def:6),Rebound,Unknown,1,0,492
492,0042400407,694,PT03M05.00S,4,1610612754,IND,204456,McConnell,T. McConnell,0,0,0,,0,,,0,v,McConnell Lost Ball Turnover (P7.T21),Turnover,Lost Ball,1,0,493
493,0042400407,694,PT03M05.00S,4,1610612760,OKC,1629652,Dort,L. Dort,0,0,0,,0,,,0,h,Dort STEAL (2 STL),,,1,0,494
494,0042400407,696,PT02M49.00S,4,1610612760,OKC,1631114,Williams,J. Williams,156,219,27,Missed,1,,,0,h,MISS Jal. Williams 27' 3PT Jump Shot,Missed Shot,Jump Shot,1,3,495
495,0042400407,697,PT02M47.00S,4,0,,1610612760,,,0,0,0,,0,,,0,h,THUNDER Rebound,Rebound,Unknown,1,0,496
496,0042400407,698,PT02M47.00S,4,1610612754,IND,1630174,Nesmith,A. Nesmith,0,0,0,,0,,,0,v,Nesmith L.B.FOUL (P5.PN) (S.Wright),Foul,Loose Ball,1,0,497
497,0042400407,700,PT02M47.00S,4,1610612760,OKC,1631096,Holmgren,C. Holmgren,0,0,0,,0,,,0,h,MISS Holmgren Free Throw 1 of 2,Free Throw,Free Throw 1 of 2,1,0,498
498,0042400407,701,PT02M47.00S,4,0,,1610612760,,,0,0,0,,0,,,0,h,THUNDER Rebound,Rebound,Normal Rebound,0,0,499
499,0042400407,702,PT02M47.00S,4,1610612760,OKC,1631096,Holmgren,C. Holmgren,0,0,0,,0,94,81,175,h,Holmgren Free Throw 2 of 2 (14 PTS),Free Throw,Free Throw 2 of 2,1,0,500
500,0042400407,703,PT02M32.00S,4,1610612754,IND,1629614,Nembhard,A. Nembhard,-225,202,30,Made,1,94,84,178,v,Nembhard 30' 3PT Step Back Jump Shot (14 PTS) (Siakam 2 AST),Made Shot,Step Back Jump shot,1,3,501
501,0042400407,705,PT02M24.00S,4,1610612760,OKC,1631096,Holmgren,C. Holmgren,10,5,1,Made,1,96,84,180,h,Holmgren 1' Cutting Dunk Shot (16 PTS) (Jal. Williams 4 AST),Made Shot,Cutting Dunk Shot,1,2,502
502,0042400407,707,PT02M16.00S,4,1610612754,IND,1631097,Mathurin,B. Mathurin,22,6,2,Made,1,96,86,182,v,Mathurin 2' Driving Layup (20 PTS) (Nembhard 6 AST),Made Shot,Driving Layup Shot,1,2,503
503,0042400407,709,PT01M51.00S,4,1610612754,IND,1630174,Nesmith,A. Nesmith,0,0,0,,0,,,0,v,Nesmith P.FOUL (P6.PN) (S.Wright),Foul,Personal,1,0,504
504,0042400407,711,PT01M51.00S,4,1610612754,IND,1630174,Nesmith,A. Nesmith,0,0,0,,0,,,0,v,SUB: Toppin FOR Nesmith,Substitution,,0,0,505
505,0042400407,713,PT01M51.00S,4,1610612760,OKC,1628983,Gilgeous-Alexander,S. Gilgeous-Alexander,0,0,0,,0,97,86,183,h,Gilgeous-Alexander Free Throw 1 of 2 (28 PTS),Free Throw,Free Throw 1 of 2,1,0,506
506,0042400407,714,PT01M51.00S,4,1610612760,OKC,1628983,Gilgeous-Alexander,S. Gilgeous-Alexander,0,0,0,,0,98,86,184,h,Gilgeous-Alexander Free Throw 2 of 2 (29 PTS),Free Throw,Free Throw 2 of 2,1,0,507
507,0042400407,715,PT01M41.00S,4,1610612760,OKC,1627936,Caruso,A. Caruso,0,0,0,,0,,,0,h,Caruso P.FOUL (P3.PN) (J.Capers),Foul,Personal,1,0,508
508,0042400407,717,PT01M41.00S,4,1610612754,IND,1629614,Nembhard,A. Nembhard,0,0,0,,0,,,0,v,MISS Nembhard Free Throw 1 of 2,Free Throw,Free Throw 1 of 2,1,0,509
509,0042400407,718,PT01M41.00S,4,0,,1610612754,,,0,0,0,,0,,,0,v,Pacers Rebound,Rebound,Normal Rebound,0,0,510
510,0042400407,719,PT01M41.00S,4,1610612754,IND,1629614,Nembhard,A. Nembhard,0,0,0,,0,98,87,185,v,Nembhard Free Throw 2 of 2 (15 PTS),Free Throw,Free Throw 2 of 2,1,0,511
511,0042400407,720,PT01M26.00S,4,1610612754,IND,1631097,Mathurin,B. Mathurin,0,0,0,,0,,,0,v,Mathurin P.FOUL (P3.PN) (J.Capers),Foul,Personal,1,0,512
512,0042400407,722,PT01M26.00S,4,1610612760,OKC,1631114,Williams,J. Williams,0,0,0,,0,99,87,186,h,Jal. Williams Free Throw 1 of 2 (18 PTS),Free Throw,Free Throw 1 of 2,1,0,513
513,0042400407,723,PT01M26.00S,4,1610612754,IND,204456,McConnell,T. McConnell,0,0,0,,0,,,0,v,SUB: Sheppard FOR McConnell,Substitution,,0,0,514
514,0042400407,725,PT01M26.00S,4,1610612760,OKC,1631114,Williams,J. Williams,0,0,0,,0,100,87,187,h,Jal. Williams Free Throw 2 of 2 (19 PTS),Free Throw,Free Throw 2 of 2,1,0,515
515,0042400407,726,PT01M14.00S,4,1610612754,IND,1629614,Nembhard,A. Nembhard,0,0,0,,0,,,0,v,Nembhard Lost Ball Turnover (P2.T22),Turnover,Lost Ball,1,0,516
516,0042400407,726,PT01M14.00S,4,1610612760,OKC,1629652,Dort,L. Dort,0,0,0,,0,,,0,h,Dort STEAL (3 STL),,,1,0,517
517,0042400407,728,PT01M04.00S,4,1610612754,IND,1627783,Siakam,P. Siakam,0,0,0,,0,,,0,v,Siakam P.FOUL (P2.PN) (J.Tiven),Foul,Personal,1,0,518
518,0042400407,730,PT01M04.00S,4,1610612760,OKC,1631114,Williams,J. Williams,0,0,0,,0,101,87,188,h,Jal. Williams Free Throw 1 of 2 (20 PTS),Free Throw,Free Throw 1 of 2,1,0,519
519,0042400407,731,PT01M04.00S,4,1610612760,OKC,1631114,Williams,J. Williams,0,0,0,,0,,,0,h,MISS Jal. Williams Free Throw 2 of 2,Free Throw,Free Throw 2 of 2,1,0,520
520,0042400407,732,PT01M01.00S,4,1610612754,IND,1641767,Sheppard,B. Sheppard,0,0,0,,0,,,0,v,Sheppard REBOUND (Off:1 Def:3),Rebound,Unknown,1,0,521
521,0042400407,733,PT00M56.60S,4,1610612754,IND,1631097,Mathurin,B. Mathurin,-178,225,29,Missed,1,,,0,v,MISS Mathurin 29' 3PT Running Pull-Up Jump Shot,Missed Shot,Running Pull-Up Jump Shot,1,3,522
522,0042400407,734,PT00M55.40S,4,1610612754,IND,1631097,Mathurin,B. Mathurin,0,0,0,,0,,,0,v,Mathurin REBOUND (Off:7 Def:6),Rebound,Unknown,1,0,523
523,0042400407,735,PT00M55.40S,4,1610612754,IND,1631097,Mathurin,B. Mathurin,0,0,0,,0,,,0,v,Mathurin Step Out of Bounds Turnover (P3.T23),Turnover,Step Out of Bounds Turnover,1,0,524
524,0042400407,736,PT00M33.50S,4,1610612760,OKC,1629652,Dort,L. Dort,230,26,0,Missed,1,,,0,h,MISS Dort 3PT Jump Shot,Missed Shot,Jump Shot,1,3,525
525,0042400407,737,PT00M32.40S,4,0,,1610612760,,,0,0,0,,0,,,0,h,THUNDER Rebound,Rebound,Unknown,1,0,526
526,0042400407,738,PT00M32.40S,4,1610612754,IND,1630167,Toppin,O. Toppin,0,0,0,,0,,,0,v,Toppin L.B.FOUL (P2.PN) (S.Wright),Foul,Loose Ball,1,0,527
527,0042400407,740,PT00M32.40S,4,1610612760,OKC,1631096,Holmgren,C. Holmgren,0,0,0,,0,102,87,189,h,Holmgren Free Throw 1 of 2 (17 PTS),Free Throw,Free Throw 1 of 2,1,0,528
528,0042400407,741,PT00M32.40S,4,1610612760,OKC,1628983,Gilgeous-Alexander,S. Gilgeous-Alexander,0,0,0,,0,,,0,h,SUB: Jones FOR Gilgeous-Alexander,Substitution,,0,0,529
529,0042400407,742,PT00M32.40S,4,1610612760,OKC,1629652,Dort,L. Dort,0,0,0,,0,,,0,h,SUB: Mitchell FOR Dort,Substitution,,0,0,530
530,0042400407,743,PT00M32.40S,4,1610612760,OKC,1631114,Williams,J. Williams,0,0,0,,0,,,0,h,SUB: K. Williams FOR Jal. Williams,Substitution,,0,0,531
531,0042400407,744,PT00M32.40S,4,1610612760,OKC,1627936,Caruso,A. Caruso,0,0,0,,0,,,0,h,SUB: Dieng FOR Caruso,Substitution,,0,0,532
532,0042400407,745,PT00M32.40S,4,1610612754,IND,1629614,Nembhard,A. Nembhard,0,0,0,,0,,,0,v,SUB: Bryant FOR Nembhard,Substitution,,0,0,533
533,0042400407,746,PT00M32.40S,4,1610612754,IND,1627783,Siakam,P. Siakam,0,0,0,,0,,,0,v,SUB: Furphy FOR Siakam,Substitution,,0,0,534
534,0042400407,753,PT00M32.40S,4,1610612760,OKC,1631096,Holmgren,C. Holmgren,0,0,0,,0,103,87,190,h,Holmgren Free Throw 2 of 2 (18 PTS),Free Throw,Free Throw 2 of 2,1,0,535
535,0042400407,754,PT00M25.60S,4,1610612754,IND,1631097,Mathurin,B. Mathurin,10,18,2,Made,1,103,89,192,v,Mathurin 2' Driving Layup (22 PTS),Made Shot,Driving Layup Shot,1,2,536
536,0042400407,755,PT00M19.90S,4,1610612760,OKC,1642349,Mitchell,A. Mitchell,0,0,0,,0,,,0,h,Mitchell Lost Ball Turnover (P1.T8),Turnover,Lost Ball,1,0,537
537,0042400407,755,PT00M19.90S,4,1610612754,IND,1631097,Mathurin,B. Mathurin,0,0,0,,0,,,0,v,Mathurin STEAL (2 STL),,,1,0,538
538,0042400407,757,PT00M19.50S,4,1610612760,OKC,1641794,Jones,D. Jones,0,0,0,,0,,,0,h,Jones S.FOUL (P1.PN) (S.Wright),Foul,Shooting,1,0,539
539,0042400407,759,PT00M19.50S,4,1610612754,IND,1631097,Mathurin,B. Mathurin,0,0,0,,0,103,90,193,v,Mathurin Free Throw 1 of 2 (23 PTS),Free Throw,Free Throw 1 of 2,1,0,540
540,0042400407,760,PT00M19.50S,4,1610612754,IND,1631097,Mathurin,B. Mathurin,0,0,0,,0,103,91,194,v,Mathurin Free Throw 2 of 2 (24 PTS),Free Throw,Free Throw 2 of 2,1,0,541
541,0042400407,761,PT00M00.00S,4,0,,0,,,0,0,0,,0,103,91,194,,End of 4th Period (10:49 PM EST),period,end,1,0,542
